{"type":"FeatureCollection","bbox":[-93.67,45.2068,-93.6592,45.213],"model":{"title":"Downtown St. Michael, Minnesota","center":[-93.6646,45.2099],"retrieved":"2026-09-07","source":"https://api.openstreetmap.org/api/0.6/map?bbox=-93.670,45.205,-93.654,45.214","attribution":"\u00a9 OpenStreetMap contributors","license":"https://opendatacommons.org/licenses/odbl/1-0/","vertical_accuracy":"Estimated heights; mapped storey counts used where present. Flat terrain. Landmark roof and tower are illustrative."},"features":[{"type":"Feature","id":"way/18290215","properties":{"kind":"road","osm_timestamp":"2019-05-11T07:22:25Z","highway":"service"},"geometry":{"type":"LineString","coordinates":[[-93.670287,45.2110467],[-93.670194,45.2110469],[-93.6701255,45.2110471],[-93.6700508,45.2110438],[-93.6699898,45.2110391],[-93.669949,45.2110228],[-93.669887,45.2109924],[-93.6698221,45.210971],[-93.6697484,45.2109517],[-93.6696542,45.2109392],[-93.6695689,45.2109316],[-93.6693351,45.21091],[-93.6689353,45.2108712],[-93.6686464,45.2108547],[-93.6680607,45.2108109],[-93.6680452,45.2107937],[-93.66807,45.2107199],[-93.6680977,45.210577],[-93.6681036,45.2105129],[-93.6680947,45.2104683],[-93.668071,45.2104306],[-93.6680314,45.2104181],[-93.667882,45.2104014]]}},{"type":"Feature","id":"way/18294166","properties":{"kind":"road","osm_timestamp":"2020-11-03T19:37:10Z","name":"Ash Avenue Northeast","highway":"residential","surface":"asphalt"},"geometry":{"type":"LineString","coordinates":[[-93.6646922,45.2113874],[-93.6645913,45.2113861],[-93.6639126,45.2113773],[-93.6635834,45.211373],[-93.6630477,45.211366],[-93.6629064,45.2113508],[-93.6628316,45.2113377],[-93.6627659,45.2113182],[-93.6626723,45.2113106],[-93.6614059,45.2113062],[-93.6601979,45.2112934],[-93.6595779,45.2112815],[-93.6589701,45.2112751],[-93.6588815,45.2112748],[-93.6587772,45.2112739],[-93.6564044,45.2112545],[-93.656363,45.2112542],[-93.6545212,45.2112391],[-93.6544307,45.2112373],[-93.6538684,45.2112262],[-93.6536943,45.2112193]]}},{"type":"Feature","id":"way/18295891","properties":{"kind":"road","osm_timestamp":"2021-01-14T02:40:29Z","name":"Main Street North","highway":"secondary","lanes":"3","surface":"asphalt"},"geometry":{"type":"LineString","coordinates":[[-93.6648627,45.1993906],[-93.6648295,45.2009444],[-93.6648282,45.2010287],[-93.6648155,45.2019307],[-93.6648081,45.2029599],[-93.6648105,45.203358],[-93.6648172,45.2044514],[-93.6648159,45.2044702],[-93.6648237,45.2045955],[-93.6648077,45.2052819],[-93.6647846,45.2058332],[-93.6647689,45.206926],[-93.6647628,45.2073536],[-93.6648061,45.2087306],[-93.6648121,45.2088361],[-93.6648135,45.2089224],[-93.6648125,45.2092179],[-93.66483,45.2097551],[-93.6648191,45.2100484],[-93.6648063,45.2101655],[-93.6647813,45.2102691],[-93.6647718,45.2105322],[-93.6646995,45.2110489],[-93.6646938,45.2113118],[-93.6646922,45.2113874],[-93.6646904,45.2123998]]}},{"type":"Feature","id":"way/18295966","properties":{"kind":"road","osm_timestamp":"2018-01-17T20:22:40Z","name":"Chestnut Avenue Southeast","highway":"residential","surface":"asphalt"},"geometry":{"type":"LineString","coordinates":[[-93.6647628,45.2073536],[-93.664678,45.2073547],[-93.66316,45.2073522],[-93.6630714,45.2073619],[-93.6630092,45.2074034],[-93.6629665,45.2074843],[-93.6628937,45.2074832],[-93.6617232,45.2074732],[-93.6615638,45.2074732],[-93.6614822,45.207489]]}},{"type":"Feature","id":"way/18296561","properties":{"kind":"road","osm_timestamp":"2018-01-19T17:06:26Z","name":"1st Street Northeast","highway":"residential"},"geometry":{"type":"LineString","coordinates":[[-93.6629633,45.2101466],[-93.6629605,45.2102235],[-93.6629418,45.2105977],[-93.6629064,45.2113508],[-93.6628505,45.211409],[-93.6628339,45.2114733],[-93.6628014,45.2128313]]}},{"type":"Feature","id":"way/18296742","properties":{"kind":"road","osm_timestamp":"2018-01-10T20:51:27Z","name":"Birch Avenue Northeast","highway":"residential"},"geometry":{"type":"LineString","coordinates":[[-93.6633205,45.2128261],[-93.6629455,45.2128293],[-93.6628014,45.2128313],[-93.6613645,45.2128234],[-93.6601419,45.2128259]]}},{"type":"Feature","id":"way/18296949","properties":{"kind":"road","osm_timestamp":"2018-10-10T11:11:49Z","name":"Birch Avenue Northwest","highway":"residential"},"geometry":{"type":"LineString","coordinates":[[-93.6648039,45.2137877],[-93.6649031,45.2137879],[-93.665894,45.2137901],[-93.666809,45.2137844],[-93.6671296,45.2137701],[-93.6673053,45.2137476],[-93.6674979,45.2137092],[-93.6676704,45.2136669],[-93.6678052,45.2136212],[-93.6679167,45.2135754],[-93.6680579,45.2135037],[-93.6686148,45.2131599],[-93.6687027,45.2131137],[-93.668793,45.2130757],[-93.6689549,45.2130245],[-93.6691109,45.2129915],[-93.6692717,45.2129733],[-93.6694342,45.2129732],[-93.6697357,45.2129838],[-93.6698325,45.2129851],[-93.6699253,45.2129852],[-93.6704992,45.2129858],[-93.6710233,45.212975],[-93.6714031,45.2129546],[-93.6716743,45.2129334],[-93.6719081,45.2129091],[-93.672149,45.2128736],[-93.672395,45.212834],[-93.6726602,45.212786],[-93.6738804,45.2125056],[-93.6744628,45.2123644],[-93.6745435,45.2123456]]}},{"type":"Feature","id":"way/18297432","properties":{"kind":"road","osm_timestamp":"2018-06-28T10:58:55Z","name":"2nd Street Northeast","highway":"residential"},"geometry":{"type":"LineString","coordinates":[[-93.6613645,45.2128234],[-93.6614059,45.2113062],[-93.6614589,45.2102301],[-93.6614738,45.2101408]]}},{"type":"Feature","id":"way/18297747","properties":{"kind":"road","osm_timestamp":"2018-01-10T20:51:27Z","name":"3rd Street Northeast","highway":"residential"},"geometry":{"type":"LineString","coordinates":[[-93.660084,45.2137263],[-93.6600948,45.2135995],[-93.6601274,45.2135105],[-93.6601392,45.2134564],[-93.6601419,45.2128259],[-93.6601642,45.21201],[-93.6601979,45.2112934]]}},{"type":"Feature","id":"way/18297809","properties":{"kind":"road","osm_timestamp":"2026-05-29T11:04:05Z","name":"1st Street Southeast","highway":"residential"},"geometry":{"type":"LineString","coordinates":[[-93.6630043,45.210146],[-93.6630041,45.2100663],[-93.6629909,45.2097868],[-93.6629893,45.2097453],[-93.6629759,45.2095937],[-93.6630194,45.2088891],[-93.6630181,45.2088135],[-93.6630018,45.2087246],[-93.6629665,45.2074843]]}},{"type":"Feature","id":"way/18297936","properties":{"kind":"road","osm_timestamp":"2022-12-13T10:34:35Z","name":"Central Avenue East","highway":"secondary","surface":"concrete"},"geometry":{"type":"LineString","coordinates":[[-93.658897,45.2101863],[-93.659055,45.210186],[-93.659263,45.2101857],[-93.6598934,45.2101844],[-93.6605844,45.2101609],[-93.660999,45.2101474],[-93.6614738,45.2101408],[-93.6623383,45.2101419],[-93.6629633,45.2101466],[-93.6630043,45.210146],[-93.6639068,45.2101529],[-93.6645572,45.2101589]]}},{"type":"Feature","id":"way/18297976","properties":{"kind":"road","osm_timestamp":"2018-01-16T20:47:41Z","name":"3rd Street Northwest","highway":"residential"},"geometry":{"type":"LineString","coordinates":[[-93.6684156,45.2183833],[-93.6683426,45.2182284],[-93.668308,45.2181299],[-93.6682872,45.2180271],[-93.6682856,45.2173292],[-93.668292,45.2172833],[-93.6683019,45.2172374],[-93.668316,45.2171942],[-93.6683369,45.2171509],[-93.668368,45.2171067],[-93.6684026,45.2170697],[-93.6684405,45.2170288],[-93.668499,45.216983],[-93.6685365,45.2169575],[-93.6686016,45.2169272],[-93.6686556,45.2169091],[-93.6687233,45.2168886],[-93.668821,45.2168622],[-93.6689251,45.2168385],[-93.6690533,45.2168124],[-93.6691506,45.2167935],[-93.6692478,45.2167662],[-93.6693088,45.2167426],[-93.6693613,45.2167178],[-93.6694284,45.2166755],[-93.6695208,45.2165998],[-93.6695858,45.2165317],[-93.6696357,45.2164542],[-93.6696522,45.2164141],[-93.6696652,45.216374],[-93.6696711,45.2162969],[-93.6696337,45.2157236],[-93.6695644,45.2150264],[-93.669564,45.2149135],[-93.6695665,45.2148176],[-93.6695722,45.2147136],[-93.6695837,45.214624],[-93.6695986,45.2145319],[-93.6696793,45.2142116],[-93.6697636,45.2139004],[-93.6698094,45.2137247],[-93.6698267,45.2135989],[-93.6698333,45.2134642],[-93.669833,45.2133005],[-93.6698325,45.2129851],[-93.6698397,45.2128194],[-93.6698777,45.2126739],[-93.6699004,45.2125788],[-93.6699443,45.2124836],[-93.6700458,45.2122876],[-93.6701512,45.2121316],[-93.6701993,45.2120108],[-93.6702242,45.2118981],[-93.6702501,45.2117966],[-93.6702606,45.2116978],[-93.6702719,45.2115401],[-93.6702823,45.2112744],[-93.670287,45.2110467],[-93.6703368,45.2103545],[-93.6703401,45.2102265]]}},{"type":"Feature","id":"way/43341336","properties":{"kind":"road","osm_timestamp":"2023-08-21T17:27:13Z","name":"Saint Michael Parkway West","highway":"secondary","lanes":"2","surface":"concrete"},"geometry":{"type":"LineString","coordinates":[[-93.6730544,45.2078679],[-93.6728903,45.2078677],[-93.6721342,45.2078745],[-93.6703314,45.2078905],[-93.6687529,45.207908],[-93.6685211,45.2079219],[-93.6683103,45.2079517],[-93.6681575,45.2079876],[-93.6680258,45.208021],[-93.667891,45.2080594],[-93.6677172,45.2081138],[-93.6674888,45.208195],[-93.6667378,45.2084696],[-93.6661657,45.2086731],[-93.6661017,45.2086932],[-93.6659855,45.208728],[-93.6659143,45.208749],[-93.6658126,45.2087734],[-93.6657205,45.2087911],[-93.665573,45.2088146],[-93.6654033,45.2088348],[-93.6652287,45.2088381],[-93.6649756,45.2088368],[-93.6648121,45.2088361]]}},{"type":"Feature","id":"way/161968347","properties":{"kind":"road","osm_timestamp":"2018-01-17T20:22:47Z","name":"2nd Street Southeast","highway":"residential","surface":"asphalt"},"geometry":{"type":"LineString","coordinates":[[-93.6612221,45.2088714],[-93.6612923,45.2088082],[-93.6613074,45.2087946],[-93.6613758,45.2087152],[-93.6614098,45.2086594],[-93.6614308,45.2086173],[-93.6614443,45.2085687],[-93.6614512,45.2085127],[-93.6614522,45.2075394],[-93.6614639,45.2075101],[-93.6614822,45.207489]]}},{"type":"Feature","id":"way/169353133","properties":{"kind":"road","osm_timestamp":"2020-10-23T14:14:17Z","name":"Central Avenue West","highway":"secondary","lanes":"2","surface":"asphalt"},"geometry":{"type":"LineString","coordinates":[[-93.6648063,45.2101655],[-93.665021,45.2101665],[-93.6656101,45.210162],[-93.6659775,45.2101605],[-93.6666144,45.2101533],[-93.6671089,45.2101509],[-93.6673083,45.2101499],[-93.6676467,45.2101506],[-93.6677424,45.2101532],[-93.6683575,45.210172],[-93.6691014,45.2101949],[-93.6701618,45.2102228],[-93.6703401,45.2102265],[-93.6709417,45.2102444],[-93.6713336,45.2102552],[-93.6716644,45.2102649],[-93.6719423,45.2102681],[-93.6722107,45.2102613],[-93.6724183,45.2102482],[-93.6725672,45.2102337],[-93.6727633,45.2102109],[-93.6729299,45.2101864],[-93.6730944,45.2101623],[-93.6733258,45.2101136],[-93.6734774,45.2100783],[-93.6737189,45.2100154],[-93.6739513,45.20994],[-93.6741582,45.209867],[-93.674352,45.2097921],[-93.6745886,45.2096871],[-93.6747809,45.2095907],[-93.6749446,45.209505],[-93.6750806,45.2094232],[-93.6752264,45.2093287],[-93.6753844,45.2092191],[-93.6755258,45.2091141],[-93.6757032,45.2089707],[-93.675903,45.2087865],[-93.6759811,45.2087036]]}},{"type":"Feature","id":"way/169353135","properties":{"kind":"road","osm_timestamp":"2024-03-03T20:43:19Z","name":"Balsam Avenue Southwest","highway":"residential"},"geometry":{"type":"LineString","coordinates":[[-93.6675921,45.208992],[-93.6674795,45.2089925],[-93.6670607,45.2089944],[-93.6667101,45.208996],[-93.6663655,45.2089975]]}},{"type":"Feature","id":"way/169353136","properties":{"kind":"road","osm_timestamp":"2018-06-28T10:55:09Z","name":"1st Street Southwest","highway":"residential"},"geometry":{"type":"LineString","coordinates":[[-93.6676467,45.2101506],[-93.6676398,45.2100582],[-93.6676339,45.209922],[-93.6676133,45.2096318],[-93.6676098,45.2095565],[-93.6675921,45.208992],[-93.6675903,45.2088871],[-93.667588,45.208754],[-93.667581,45.2083518],[-93.667561,45.2082632],[-93.6674888,45.208195]]}},{"type":"Feature","id":"way/169353137","properties":{"kind":"road","osm_timestamp":"2022-05-13T10:18:38Z","highway":"service"},"geometry":{"type":"LineString","coordinates":[[-93.66909,45.2099166],[-93.6690564,45.2097213],[-93.6690258,45.209684],[-93.6689759,45.2096554],[-93.6689062,45.2096339],[-93.6685479,45.2096368],[-93.6679297,45.2096348],[-93.6678489,45.209634],[-93.6676903,45.2096325],[-93.6676133,45.2096318]]}},{"type":"Feature","id":"way/169353139","properties":{"kind":"road","osm_timestamp":"2019-05-11T07:23:42Z","highway":"service","surface":"asphalt","service":"alley"},"geometry":{"type":"LineString","coordinates":[[-93.6659775,45.2101605],[-93.6659772,45.2100743],[-93.6659514,45.2097232],[-93.6656942,45.2097237],[-93.6655242,45.209724],[-93.6654943,45.2097406],[-93.6654589,45.2097603],[-93.6649602,45.2097566],[-93.66483,45.2097551]]}},{"type":"Feature","id":"way/169365011","properties":{"kind":"road","osm_timestamp":"2018-01-16T21:55:11Z","name":"Balsam Avenue East","highway":"residential","surface":"asphalt"},"geometry":{"type":"LineString","coordinates":[[-93.6613758,45.2087152],[-93.661449,45.2087279],[-93.6615247,45.2087315],[-93.6616733,45.2087304],[-93.662195,45.2087192]]}},{"type":"Feature","id":"way/169378426","properties":{"kind":"road","osm_timestamp":"2020-10-23T09:05:38Z","name":"Frankfort Parkway Northeast","highway":"residential"},"geometry":{"type":"LineString","coordinates":[[-93.6637696,45.2138025],[-93.663762,45.213738],[-93.6637555,45.2136824],[-93.6637525,45.2136068],[-93.6637312,45.2135477],[-93.663711,45.2135058],[-93.663691,45.2134206],[-93.6636717,45.2133468],[-93.6636632,45.2132737],[-93.6636578,45.2131886],[-93.6636621,45.2131131],[-93.6636654,45.2130441],[-93.6636757,45.2129767],[-93.6636868,45.2129227],[-93.6637274,45.2128636],[-93.6637547,45.2128275],[-93.6637672,45.2127971],[-93.663768,45.2127535],[-93.6637755,45.2125341],[-93.6637815,45.2125127],[-93.6637886,45.2124875],[-93.6638164,45.2124492],[-93.6638302,45.2124106],[-93.6638327,45.2122376]]}},{"type":"Feature","id":"way/169401171","properties":{"kind":"road","osm_timestamp":"2023-05-16T18:37:40Z","highway":"footway","width":"3","surface":"asphalt"},"geometry":{"type":"LineString","coordinates":[[-93.6733577,45.2102421],[-93.6733048,45.2102407],[-93.6732378,45.2102577],[-93.6727765,45.2103342],[-93.6724963,45.2103628],[-93.6722283,45.2103842],[-93.6719954,45.2103885],[-93.6717606,45.2103828],[-93.6712435,45.2103762],[-93.6703368,45.2103545],[-93.6701747,45.2103407],[-93.670154,45.2102963],[-93.6701618,45.2102228],[-93.6701674,45.2101519],[-93.6701326,45.2101048],[-93.670112,45.2100798],[-93.670089,45.2100739],[-93.6699809,45.2100634],[-93.6699439,45.2100487],[-93.6699181,45.2100248],[-93.669912,45.2099992],[-93.6698879,45.2091739],[-93.6698624,45.2088904],[-93.6698617,45.2088538],[-93.6698765,45.2088255],[-93.6698984,45.2088062],[-93.66994,45.2088009],[-93.6700589,45.2087999],[-93.6702095,45.208799],[-93.6704133,45.2087981],[-93.6704667,45.2087894],[-93.6705045,45.2087761],[-93.670541,45.2087549],[-93.6705713,45.2087227],[-93.6705917,45.2086801],[-93.6705886,45.2083845],[-93.6705855,45.2083174],[-93.6705811,45.2082216],[-93.6705797,45.2081906],[-93.6705703,45.2081102],[-93.6705545,45.2080474],[-93.6705085,45.2079731]]}},{"type":"Feature","id":"way/169401172","properties":{"kind":"road","osm_timestamp":"2019-12-18T02:10:47Z","highway":"cycleway","width":"1","surface":"asphalt"},"geometry":{"type":"LineString","coordinates":[[-93.6649998,45.2051127],[-93.6650962,45.2051154],[-93.6651239,45.2051185],[-93.6651495,45.2051386],[-93.6651597,45.2051795],[-93.6651798,45.2052639],[-93.6652069,45.205321],[-93.6652548,45.2053666],[-93.6653165,45.2054102],[-93.6653843,45.2054466],[-93.6654927,45.2055008],[-93.6655843,45.2055362],[-93.6656898,45.2055631],[-93.6657436,45.2055881],[-93.6658012,45.2056459],[-93.6658757,45.2057111],[-93.6659386,45.2057531],[-93.6660234,45.2058044],[-93.6661046,45.2058393],[-93.6661739,45.2058575],[-93.6663259,45.2058517],[-93.6663721,45.2058595],[-93.6664303,45.2058768],[-93.6665172,45.2059301],[-93.6666117,45.2060079],[-93.6667181,45.206114],[-93.6668823,45.2062608],[-93.6670706,45.2064326],[-93.6672243,45.2065503],[-93.667333,45.206623],[-93.6674096,45.2066613],[-93.6674844,45.2066887],[-93.6676255,45.2067415],[-93.6679136,45.2068183],[-93.6684,45.2069778],[-93.6688798,45.2071512],[-93.6691778,45.2072362],[-93.669423,45.2073165],[-93.6695221,45.2073635],[-93.6696201,45.2074213],[-93.6696678,45.2074436],[-93.6697373,45.20745],[-93.6697943,45.2074443],[-93.6698275,45.2074239],[-93.6699008,45.2073586],[-93.6699439,45.2072966],[-93.6699936,45.2072393],[-93.6700831,45.2071776],[-93.6701574,45.2071487],[-93.6702954,45.2071206]]}},{"type":"Feature","id":"way/169401173","properties":{"kind":"road","osm_timestamp":"2026-05-11T14:12:13Z","highway":"cycleway","surface":"concrete"},"geometry":{"type":"LineString","coordinates":[[-93.6730557,45.2079576],[-93.6728977,45.2079516],[-93.6709374,45.2079683],[-93.6705085,45.2079731],[-93.670428,45.2079727],[-93.6701034,45.2079709],[-93.6697912,45.2079809],[-93.6693934,45.208016],[-93.6691301,45.2080182],[-93.6688224,45.2080203],[-93.6685381,45.2080421],[-93.6684287,45.2080522],[-93.668389,45.2080438],[-93.6683396,45.2080357],[-93.6682293,45.2080602],[-93.6681109,45.2080872],[-93.6678922,45.2081478],[-93.6676949,45.2082174],[-93.6676474,45.2082331],[-93.667561,45.2082632],[-93.667492,45.2082851],[-93.6661585,45.2087787],[-93.6660279,45.2088182],[-93.6659271,45.2088436],[-93.6657888,45.2088749],[-93.6656587,45.2088972],[-93.665531,45.2089129],[-93.6654094,45.2089252],[-93.665282,45.208928],[-93.6651122,45.2089289],[-93.664968,45.2089227]]}},{"type":"Feature","id":"way/169401176","properties":{"kind":"road","osm_timestamp":"2026-06-27T22:32:10Z","highway":"cycleway","width":"3","surface":"asphalt"},"geometry":{"type":"LineString","coordinates":[[-93.6700929,45.207787],[-93.669444,45.2077906],[-93.6691094,45.2077934],[-93.6688343,45.2077973],[-93.6686426,45.2078061],[-93.6684524,45.2078246],[-93.6683105,45.2078455],[-93.6681802,45.2078704],[-93.6679952,45.207914],[-93.6677666,45.2079789],[-93.6675222,45.2080696],[-93.6674275,45.2081054],[-93.6673763,45.2081248],[-93.6661273,45.2085787],[-93.6659791,45.2086221],[-93.6657541,45.2086725],[-93.6656408,45.2086913],[-93.665504,45.2087101],[-93.6653521,45.208726],[-93.6651901,45.2087321],[-93.6649896,45.2087333],[-93.6648061,45.2087306]]}},{"type":"Feature","id":"way/169401671","properties":{"kind":"parking","osm_timestamp":"2018-01-08T23:00:32Z","surface":"asphalt","amenity":"parking"},"geometry":{"type":"Polygon","coordinates":[[[-93.6689593,45.2100716],[-93.6677813,45.2100652],[-93.6677798,45.2100002],[-93.6677781,45.2099201],[-93.6677764,45.2098451],[-93.6677742,45.2097462],[-93.6679389,45.2097443],[-93.6679411,45.2096794],[-93.6687341,45.2096755],[-93.6687347,45.2097423],[-93.6689512,45.2097412],[-93.6689593,45.2100716]]]}},{"type":"Feature","id":"way/179175577","properties":{"kind":"road","osm_timestamp":"2023-05-17T20:45:02Z","name":"Hillcrest Drive Southeast","highway":"unclassified","lanes":"2","surface":"asphalt"},"geometry":{"type":"LineString","coordinates":[[-93.6615934,45.2091706],[-93.661507,45.2090909],[-93.6614447,45.2090347],[-93.661315,45.2089265],[-93.6612221,45.2088714],[-93.6611793,45.2088448],[-93.6611262,45.2088183],[-93.6610509,45.2087853],[-93.6609678,45.2087559],[-93.6607669,45.2087183],[-93.6603719,45.208757],[-93.6601646,45.208811],[-93.6597683,45.2089142],[-93.659494,45.2089502],[-93.6591721,45.2089605],[-93.6590829,45.2089606],[-93.6589367,45.2089608]]}},{"type":"Feature","id":"way/319200090","properties":{"kind":"road","osm_timestamp":"2024-09-16T23:06:13Z","name":"Saint Michael Parkway East","highway":"secondary","lanes":"2","surface":"concrete"},"geometry":{"type":"LineString","coordinates":[[-93.6648121,45.2088361],[-93.6645719,45.2088233],[-93.6642761,45.2088256],[-93.6638689,45.2088192],[-93.6636456,45.2088177],[-93.6630181,45.2088135],[-93.6627686,45.2088158],[-93.6626078,45.2088274],[-93.6624551,45.2088493],[-93.6622749,45.208885],[-93.6621284,45.2089274],[-93.6619612,45.2089832],[-93.661827,45.2090375],[-93.6617016,45.2090995],[-93.6615934,45.2091706],[-93.6614552,45.2092697],[-93.6613572,45.2093475],[-93.6612888,45.209413],[-93.6611543,45.209536],[-93.6610663,45.2096079],[-93.6609955,45.2096613],[-93.6609042,45.2097221],[-93.6608084,45.2097767],[-93.6607137,45.2098264],[-93.6605741,45.2098884],[-93.6604421,45.2099325],[-93.6603078,45.2099724],[-93.660183,45.2100017],[-93.6600704,45.2100243],[-93.6599576,45.2100421],[-93.6598315,45.2100542],[-93.6596807,45.2100637],[-93.6594506,45.2100633],[-93.6593801,45.2100597],[-93.6590584,45.2100521],[-93.6589129,45.2100514]]}},{"type":"Feature","id":"way/460438793","properties":{"kind":"land","osm_timestamp":"2018-01-11T20:56:51Z","name":"St. Michael Cemetery","landuse":"cemetery"},"geometry":{"type":"Polygon","coordinates":[[[-93.6656222,45.2111195],[-93.6655044,45.2111191],[-93.6648531,45.211117],[-93.6648473,45.2120096],[-93.6655498,45.2120119],[-93.6655536,45.2114256],[-93.6656202,45.2114259],[-93.6656222,45.2111195]]]}},{"type":"Feature","id":"way/551708120","properties":{"kind":"road","osm_timestamp":"2026-05-11T14:12:13Z","highway":"footway","width":"1","surface":"concrete"},"geometry":{"type":"LineString","coordinates":[[-93.6643874,45.2212715],[-93.6644106,45.2210076],[-93.6644163,45.2206741],[-93.6644163,45.2204444],[-93.664439,45.2204125],[-93.6644475,45.2203646],[-93.6644531,45.2202367],[-93.6644276,45.2202108],[-93.6644305,45.2201469],[-93.66443,45.2200501],[-93.6644276,45.2195677],[-93.664427,45.2194516],[-93.6644248,45.2189926],[-93.6644221,45.2188521],[-93.6644191,45.218699],[-93.6644248,45.2180599],[-93.664439,45.2172551],[-93.6644402,45.2171662],[-93.6644478,45.2166204],[-93.6644503,45.2164383],[-93.6644683,45.2159065],[-93.6644759,45.2156817],[-93.6644843,45.2154357],[-93.6644872,45.2149883],[-93.6644997,45.2142168],[-93.664498,45.2138984],[-93.6644968,45.2138801],[-93.6644928,45.2138209],[-93.6644907,45.2137898],[-93.664488,45.21375],[-93.6644846,45.2137003],[-93.6644868,45.21369],[-93.6645014,45.2136224],[-93.6645081,45.2135375],[-93.6645081,45.2134172],[-93.6645215,45.2133677],[-93.6645516,45.2132686],[-93.6645784,45.2125492],[-93.6645817,45.2119972],[-93.6645884,45.2115066],[-93.6645913,45.2113861],[-93.6645932,45.2113085],[-93.6646144,45.2112216],[-93.6646164,45.2111022],[-93.6646243,45.2109413],[-93.6646215,45.2107843],[-93.6646099,45.2105223],[-93.6646042,45.2104077],[-93.6645898,45.210363],[-93.6645457,45.2102831],[-93.6644892,45.2102614],[-93.6644358,45.2102489],[-93.6643984,45.2102495],[-93.6643423,45.2102429],[-93.6630373,45.2102225],[-93.6629746,45.2112919],[-93.6630081,45.2113155]]}},{"type":"Feature","id":"way/551708125","properties":{"kind":"road","osm_timestamp":"2023-05-16T18:31:12Z","highway":"footway","width":"1","surface":"asphalt"},"geometry":{"type":"LineString","coordinates":[[-93.6697404,45.2129053],[-93.6695707,45.2129054],[-93.6693564,45.2129054],[-93.6692091,45.2129101],[-93.6690149,45.212936],[-93.6688307,45.2129856],[-93.66867,45.2130469],[-93.6685026,45.2131247],[-93.6683519,45.2132238],[-93.6681711,45.2133441],[-93.6680606,45.2134172],[-93.6678965,45.2135021],[-93.6676789,45.213587],[-93.6675416,45.2136271],[-93.6674077,45.2136578],[-93.6670159,45.2136979],[-93.6667682,45.2137097],[-93.6664635,45.2137097],[-93.6652447,45.2137191],[-93.6650739,45.2137238],[-93.6649058,45.2137213],[-93.6648062,45.2137139],[-93.6646846,45.2137048],[-93.6646404,45.2137015],[-93.6644868,45.21369]]}},{"type":"Feature","id":"way/551733820","properties":{"kind":"road","osm_timestamp":"2026-01-29T21:57:40Z","highway":"footway","width":"2","surface":"concrete"},"geometry":{"type":"LineString","coordinates":[[-93.6646953,45.2212692],[-93.6646956,45.2212218],[-93.6646989,45.2207926],[-93.6647,45.2206952],[-93.6647023,45.2205001],[-93.6647123,45.2199883],[-93.6647157,45.2196558],[-93.6647023,45.2188963],[-93.6647056,45.2186345],[-93.664719,45.2185803],[-93.6647206,45.2184783],[-93.6647224,45.2183609],[-93.6647342,45.2179565],[-93.6647358,45.217901],[-93.6647525,45.2168373],[-93.6647547,45.2166229],[-93.6647592,45.2161863],[-93.6647592,45.216033],[-93.6647626,45.2159127],[-93.6647826,45.2157335],[-93.6647994,45.2153348],[-93.6648329,45.2145706],[-93.6648362,45.2144551],[-93.6648362,45.2143796],[-93.6648463,45.2143088],[-93.6648664,45.2142333],[-93.6648864,45.2141579],[-93.6648965,45.2139503],[-93.6648988,45.2138931],[-93.6649031,45.2137879],[-93.6649058,45.2137213],[-93.6649065,45.2137026],[-93.6648797,45.2136696],[-93.664863,45.2136436],[-93.6648563,45.2135941],[-93.6648764,45.2131766],[-93.6648664,45.2130846],[-93.6648463,45.2126482],[-93.6648195,45.2123581],[-93.6648161,45.212252],[-93.6648128,45.2120869],[-93.6648061,45.2117165],[-93.6648094,45.2113155],[-93.6648128,45.211082],[-93.6648143,45.2110519],[-93.6648262,45.2108178],[-93.6648563,45.2107116],[-93.6649056,45.2105875],[-93.6649391,45.2103556],[-93.6649715,45.210287],[-93.6650221,45.2102633],[-93.6650716,45.210265],[-93.6651146,45.2102614],[-93.6652232,45.2102576],[-93.665564,45.2102451],[-93.6660985,45.2102587],[-93.6662994,45.2102587],[-93.6663563,45.2102753],[-93.6664467,45.2102918],[-93.6665505,45.2103012],[-93.6669188,45.2103012],[-93.6670461,45.2102988],[-93.6671599,45.2102776],[-93.6672369,45.2102635],[-93.6673064,45.2102538],[-93.6674693,45.2102582],[-93.6677374,45.2102632],[-93.6681812,45.2102894],[-93.6688876,45.2103083],[-93.6690182,45.2103154],[-93.6691455,45.2103319],[-93.6693664,45.2103389],[-93.6700796,45.2103507],[-93.6701309,45.2103755],[-93.6701868,45.2104026],[-93.6701968,45.21099],[-93.670194,45.2110469],[-93.6701767,45.2114051],[-93.6701633,45.211759],[-93.6701432,45.2118628],[-93.6701131,45.21195],[-93.6700629,45.2120751],[-93.6700093,45.2121694],[-93.6699156,45.2123322],[-93.6698386,45.2124761],[-93.669795,45.2125704],[-93.6697749,45.2126553],[-93.6697448,45.2128063],[-93.6697404,45.2129053],[-93.6697357,45.2129838]]}},{"type":"Feature","id":"way/551740449","properties":{"kind":"parking","osm_timestamp":"2018-01-08T23:00:20Z","surface":"asphalt","amenity":"parking"},"geometry":{"type":"Polygon","coordinates":[[[-93.6677843,45.2095678],[-93.667703,45.2095664],[-93.6676888,45.2089936],[-93.6677762,45.2089921],[-93.6677843,45.2095678]]]}},{"type":"Feature","id":"way/551740450","properties":{"kind":"parking","osm_timestamp":"2018-01-08T23:00:20Z","surface":"asphalt","amenity":"parking"},"geometry":{"type":"Polygon","coordinates":[[[-93.6701423,45.2085238],[-93.6700519,45.2084561],[-93.6699797,45.2084021],[-93.6685647,45.2084188],[-93.6687146,45.2085294],[-93.6701423,45.2085238]]]}},{"type":"Feature","id":"way/551740452","properties":{"kind":"road","osm_timestamp":"2023-05-25T20:58:11Z","highway":"footway","width":"2","surface":"concrete"},"geometry":{"type":"LineString","coordinates":[[-93.6705855,45.2083174],[-93.6705647,45.2084005],[-93.6705383,45.2084421],[-93.6704915,45.2084779],[-93.6704062,45.2085208],[-93.6703127,45.2085423],[-93.6701256,45.2085466],[-93.6689914,45.2085577],[-93.6688084,45.2085595],[-93.6686885,45.2085552],[-93.6686052,45.208518],[-93.6685478,45.2084808],[-93.6684771,45.2084349],[-93.6683267,45.2083218],[-93.6682637,45.2082731],[-93.6682332,45.208233],[-93.6682189,45.20819],[-93.668221,45.2081427],[-93.6682293,45.2080602]]}},{"type":"Feature","id":"way/551740453","properties":{"kind":"road","osm_timestamp":"2023-05-25T20:58:11Z","highway":"footway","width":"1","surface":"asphalt"},"geometry":{"type":"LineString","coordinates":[[-93.6676474,45.2082331],[-93.6676684,45.2082999],[-93.667687,45.2083273],[-93.6677007,45.2083584],[-93.6677154,45.2083975],[-93.6676965,45.2086096],[-93.6676884,45.2087442],[-93.6676787,45.2088871],[-93.6676721,45.2089848],[-93.6676823,45.2095677],[-93.6676903,45.2096325],[-93.6677047,45.2097496],[-93.6677262,45.2099209],[-93.6677365,45.2100719],[-93.6677414,45.2101087],[-93.6677424,45.2101532],[-93.6677374,45.2102632]]}},{"type":"Feature","id":"way/551740454","properties":{"kind":"road","osm_timestamp":"2024-04-15T16:06:24Z","highway":"footway","width":"1","surface":"asphalt"},"geometry":{"type":"LineString","coordinates":[[-93.6676823,45.2095677],[-93.6678468,45.2095675],[-93.6679246,45.2095674],[-93.6685285,45.2095668],[-93.6691133,45.2095663],[-93.6692089,45.2094989],[-93.6692068,45.2094488],[-93.6694853,45.2094474],[-93.6694894,45.2092541],[-93.6695341,45.2092469],[-93.6695341,45.2091953],[-93.6695809,45.2091595],[-93.6695788,45.209118],[-93.6695422,45.2090894],[-93.6695382,45.2090464],[-93.6694975,45.2090249],[-93.6694975,45.2087972],[-93.6698984,45.2088062]]}},{"type":"Feature","id":"way/551740455","properties":{"kind":"road","osm_timestamp":"2018-01-08T23:00:21Z","highway":"footway","width":"1","surface":"concrete"},"geometry":{"type":"LineString","coordinates":[[-93.6689914,45.2085577],[-93.6689954,45.2087313]]}},{"type":"Feature","id":"way/551740456","properties":{"kind":"road","osm_timestamp":"2023-05-25T20:58:11Z","highway":"footway","width":"1","surface":"asphalt"},"geometry":{"type":"LineString","coordinates":[[-93.667581,45.2083518],[-93.6677007,45.2083584],[-93.6677169,45.208359],[-93.6678998,45.2083533],[-93.668101,45.208349],[-93.6681762,45.2083518],[-93.6682474,45.2083633],[-93.6683165,45.2083805],[-93.6683653,45.2084077],[-93.6684059,45.2084435],[-93.6684466,45.208475],[-93.6684812,45.2085051]]}},{"type":"Feature","id":"way/551740457","properties":{"kind":"road","osm_timestamp":"2018-01-08T23:00:21Z","highway":"footway","width":"4","surface":"concrete"},"geometry":{"type":"LineString","coordinates":[[-93.6685478,45.2084808],[-93.6684812,45.2085051],[-93.6684425,45.2085509],[-93.6683856,45.2086125]]}},{"type":"Feature","id":"way/551740458","properties":{"kind":"road","osm_timestamp":"2018-01-08T23:00:22Z","highway":"footway","width":"4","surface":"concrete"},"geometry":{"type":"LineString","coordinates":[[-93.6685285,45.2095668],[-93.6685256,45.2094953]]}},{"type":"Feature","id":"way/551740459","properties":{"kind":"road","osm_timestamp":"2023-05-25T20:58:11Z","highway":"footway","width":"1","surface":"concrete"},"geometry":{"type":"LineString","coordinates":[[-93.6674718,45.2087642],[-93.6675248,45.2087602],[-93.667588,45.208754],[-93.6676884,45.2087442],[-93.6678565,45.2087243],[-93.6678622,45.2088342],[-93.6679076,45.2088361],[-93.667922,45.2094576],[-93.6679246,45.2095674]]}},{"type":"Feature","id":"way/551740460","properties":{"kind":"road","osm_timestamp":"2026-05-11T14:12:13Z","highway":"footway","width":"1","surface":"asphalt"},"geometry":{"type":"LineString","coordinates":[[-93.6650221,45.2102633],[-93.665021,45.2101665],[-93.6650064,45.210028]]}},{"type":"Feature","id":"way/551740461","properties":{"kind":"road","osm_timestamp":"2026-05-11T14:12:13Z","highway":"footway","width":"1","surface":"concrete"},"geometry":{"type":"LineString","coordinates":[[-93.6650064,45.210028],[-93.6649901,45.209994],[-93.6649699,45.2099392],[-93.6649597,45.2097928],[-93.6649602,45.2097566],[-93.6649607,45.2097126],[-93.664968,45.2089227]]}},{"type":"Feature","id":"way/551740462","properties":{"kind":"road","osm_timestamp":"2024-05-14T22:23:21Z","highway":"footway","width":"1","surface":"concrete"},"geometry":{"type":"LineString","coordinates":[[-93.667492,45.2082851],[-93.6674718,45.2087642],[-93.6674795,45.2089925]]}},{"type":"Feature","id":"way/551740463","properties":{"kind":"road","osm_timestamp":"2019-12-18T02:21:46Z","highway":"service","surface":"asphalt"},"geometry":{"type":"LineString","coordinates":[[-93.6685211,45.2079219],[-93.6684019,45.2080254],[-93.668389,45.2080438],[-93.668348,45.2080769],[-93.6683224,45.2081388],[-93.6683221,45.2081862],[-93.6683571,45.2082532],[-93.6684288,45.2083041],[-93.6685414,45.2083478],[-93.6687,45.2083517],[-93.6697192,45.2083488],[-93.6698354,45.2083528],[-93.6699403,45.2083807],[-93.6700519,45.2084561],[-93.6701388,45.2084886],[-93.6702352,45.2084966],[-93.6703429,45.2084886],[-93.6704393,45.2084506],[-93.6705045,45.2084067],[-93.6705329,45.2083328],[-93.6705357,45.2082289],[-93.6705244,45.2081191],[-93.6704932,45.2080392],[-93.670428,45.2079727],[-93.670411,45.2079553],[-93.6703314,45.2078905]]}},{"type":"Feature","id":"way/551740464","properties":{"kind":"building","osm_timestamp":"2021-07-28T20:02:02Z","name":"St. Michael Elementary School","building":"school"},"geometry":{"type":"Polygon","coordinates":[[[-93.667922,45.2094576],[-93.6684406,45.2094573],[-93.6684434,45.2094953],[-93.6685256,45.2094953],[-93.6685795,45.2094913],[-93.6685823,45.2094414],[-93.6694527,45.2094314],[-93.6694584,45.2092336],[-93.6695037,45.2092296],[-93.6695066,45.2091777],[-93.6695434,45.2091438],[-93.6694952,45.2091158],[-93.6694952,45.2090579],[-93.6694499,45.2090579],[-93.6694527,45.2088421],[-93.6690444,45.2088461],[-93.6690473,45.2087303],[-93.6689954,45.2087313],[-93.668948,45.2087323],[-93.6689452,45.2088441],[-93.6687269,45.2088481],[-93.6687297,45.2086164],[-93.6683856,45.2086125],[-93.6683073,45.2086164],[-93.6683045,45.2085026],[-93.668188,45.2085042],[-93.6681627,45.2085046],[-93.6681599,45.2084247],[-93.6678055,45.2084227],[-93.6678112,45.2086384],[-93.667882,45.2086424],[-93.6678962,45.2088142],[-93.6679208,45.2088163],[-93.667922,45.2094576]]]}},{"type":"Feature","id":"way/551740465","properties":{"kind":"road","osm_timestamp":"2018-01-08T23:00:23Z","highway":"footway","width":"1","surface":"concrete"},"geometry":{"type":"LineString","coordinates":[[-93.6681762,45.2083518],[-93.668188,45.2085042]]}},{"type":"Feature","id":"way/551740466","properties":{"kind":"land","osm_timestamp":"2018-01-08T23:00:23Z","name":"St. Michael Elementary School Playground","surface":"sand","leisure":"playground"},"geometry":{"type":"Polygon","coordinates":[[[-93.6700158,45.2087829],[-93.6691595,45.2087889],[-93.6691567,45.2085832],[-93.6700072,45.2085732],[-93.6700158,45.2087829]]]}},{"type":"Feature","id":"way/551740469","properties":{"kind":"road","osm_timestamp":"2018-01-08T23:00:23Z","highway":"service","surface":"asphalt","service":"parking_aisle"},"geometry":{"type":"LineString","coordinates":[[-93.66909,45.2099166],[-93.668935,45.2099165],[-93.6689298,45.2098389],[-93.6677764,45.2098451],[-93.6677781,45.2099201],[-93.6677798,45.2100002],[-93.6689281,45.2099977],[-93.668935,45.2099165]]}},{"type":"Feature","id":"way/551740470","properties":{"kind":"road","osm_timestamp":"2019-05-11T07:23:58Z","highway":"service","surface":"asphalt","service":"parking_aisle"},"geometry":{"type":"LineString","coordinates":[[-93.6676339,45.209922],[-93.6677262,45.2099209],[-93.6677781,45.2099201]]}},{"type":"Feature","id":"way/551740472","properties":{"kind":"road","osm_timestamp":"2018-06-28T10:57:46Z","highway":"service","surface":"asphalt","service":"parking_aisle"},"geometry":{"type":"LineString","coordinates":[[-93.6678489,45.209634],[-93.6678468,45.2095675],[-93.6678282,45.2089913],[-93.6678248,45.208887],[-93.6676787,45.2088871],[-93.6675903,45.2088871]]}},{"type":"Feature","id":"way/551740474","properties":{"kind":"road","osm_timestamp":"2019-12-18T02:27:51Z","highway":"service","surface":"asphalt","service":"alley"},"geometry":{"type":"LineString","coordinates":[[-93.6659514,45.2097232],[-93.6659582,45.2095123],[-93.6659765,45.209488],[-93.6660094,45.2094684],[-93.6660415,45.2094493],[-93.6661086,45.2093992],[-93.6661801,45.2093241],[-93.6661893,45.2089113],[-93.6661892,45.2088459],[-93.6661743,45.2088147],[-93.6661585,45.2087787],[-93.6661017,45.2086932]]}},{"type":"Feature","id":"way/551740475","properties":{"kind":"parking","osm_timestamp":"2019-12-13T14:28:35Z","surface":"asphalt","amenity":"parking"},"geometry":{"type":"Polygon","coordinates":[[[-93.6658142,45.2100459],[-93.6660759,45.2100493],[-93.6660711,45.2095605],[-93.6661335,45.2095132],[-93.6661935,45.2094793],[-93.6662559,45.2094472],[-93.6662559,45.2093762],[-93.6662535,45.2091225],[-93.6662583,45.2089297],[-93.6660254,45.208928],[-93.6660278,45.2092358],[-93.6660278,45.2092662],[-93.6655729,45.2092637],[-93.6655663,45.2096954],[-93.6655102,45.2096931],[-93.6655037,45.2096581],[-93.6649868,45.2096524],[-93.66499,45.2097139],[-93.6649607,45.2097126],[-93.6649602,45.2097566],[-93.6649597,45.2097928],[-93.6649852,45.2097989],[-93.6649916,45.2098446],[-93.6655805,45.2098455],[-93.6655917,45.2097495],[-93.6658086,45.2097506],[-93.6658142,45.2100459]]]}},{"type":"Feature","id":"way/551740477","properties":{"kind":"road","osm_timestamp":"2018-01-08T23:00:24Z","highway":"service","surface":"asphalt","service":"parking_aisle"},"geometry":{"type":"LineString","coordinates":[[-93.6656942,45.2097237],[-93.6656918,45.2093914],[-93.665699,45.2093322],[-93.6657638,45.2093051],[-93.6658598,45.209317],[-93.665951,45.2093897],[-93.6660094,45.2094684]]}},{"type":"Feature","id":"way/551740478","properties":{"kind":"road","osm_timestamp":"2021-04-02T08:04:23Z","highway":"service","surface":"asphalt","service":"parking_aisle"},"geometry":{"type":"LineString","coordinates":[[-93.6658598,45.209317],[-93.6659185,45.2093183],[-93.6661801,45.2093241]]}},{"type":"Feature","id":"way/551740479","properties":{"kind":"land","osm_timestamp":"2018-01-08T23:00:24Z","landuse":"grass"},"geometry":{"type":"Polygon","coordinates":[[[-93.6691889,45.2101159],[-93.6691562,45.2095928],[-93.6692823,45.209481],[-93.6695112,45.2094744],[-93.6695341,45.2092469],[-93.6696232,45.2091487],[-93.6695438,45.2090105],[-93.6695392,45.2088361],[-93.6699221,45.208846],[-93.6699455,45.2101291],[-93.6691889,45.2101159]]]}},{"type":"Feature","id":"way/551740491","properties":{"kind":"land","osm_timestamp":"2018-01-08T23:00:24Z","landuse":"residential"},"geometry":{"type":"Polygon","coordinates":[[[-93.6728782,45.209527],[-93.6731584,45.2100338],[-93.6728697,45.2100951],[-93.6724229,45.2101452],[-93.6718258,45.2101759],[-93.6710705,45.2101647],[-93.6702124,45.2101424],[-93.6699455,45.2101291],[-93.6699221,45.208846],[-93.6700716,45.2088525],[-93.6708141,45.2088578],[-93.6708188,45.2089381],[-93.6712951,45.2089512],[-93.6712764,45.2095171],[-93.6728782,45.209527]]]}},{"type":"Feature","id":"way/552455194","properties":{"kind":"land","osm_timestamp":"2018-01-11T20:56:44Z","surface":"grass","leisure":"pitch"},"geometry":{"type":"Polygon","coordinates":[[[-93.665888,45.2122311],[-93.6658875,45.211701],[-93.6673697,45.2117003],[-93.6673702,45.2122304],[-93.665888,45.2122311]]]}},{"type":"Feature","id":"way/552455195","properties":{"kind":"land","osm_timestamp":"2018-01-11T20:56:44Z","surface":"sand","leisure":"playground"},"geometry":{"type":"Polygon","coordinates":[[[-93.6661162,45.2112016],[-93.6662168,45.2113212],[-93.6661214,45.2114299],[-93.6657108,45.2114287],[-93.665709,45.211353],[-93.665716,45.2113273],[-93.6661162,45.2112016]]]}},{"type":"Feature","id":"way/552455196","properties":{"kind":"land","osm_timestamp":"2018-01-11T20:56:44Z","surface":"sand","leisure":"playground"},"geometry":{"type":"Polygon","coordinates":[[[-93.6667508,45.2114045],[-93.6665447,45.2114028],[-93.6665474,45.2112416],[-93.6667536,45.2112434],[-93.6667508,45.2114045]]]}},{"type":"Feature","id":"way/552455197","properties":{"kind":"road","osm_timestamp":"2023-05-25T20:58:11Z","highway":"footway","width":"1","surface":"asphalt"},"geometry":{"type":"LineString","coordinates":[[-93.6661162,45.2112016],[-93.6661492,45.2111674],[-93.6661942,45.2111406],[-93.6663034,45.2110759],[-93.6664299,45.2110038],[-93.6664611,45.2109782],[-93.666468,45.2109452],[-93.6664719,45.2108023],[-93.6664748,45.2106963],[-93.6664767,45.2106266]]}},{"type":"Feature","id":"way/552455198","properties":{"kind":"road","osm_timestamp":"2023-05-25T20:58:11Z","highway":"footway","width":"1","surface":"asphalt"},"geometry":{"type":"LineString","coordinates":[[-93.6661942,45.2111406],[-93.6662618,45.2111979],[-93.6663259,45.2112541],[-93.6663571,45.2112822],[-93.6663848,45.2113615],[-93.6663848,45.2114848]]}},{"type":"Feature","id":"way/552455199","properties":{"kind":"road","osm_timestamp":"2023-05-25T20:58:11Z","highway":"footway","width":"1","surface":"asphalt"},"geometry":{"type":"LineString","coordinates":[[-93.6670173,45.2108024],[-93.6664719,45.2108023]]}},{"type":"Feature","id":"way/552455200","properties":{"kind":"road","osm_timestamp":"2023-05-25T20:58:11Z","highway":"footway","width":"1","surface":"asphalt"},"geometry":{"type":"LineString","coordinates":[[-93.6664767,45.2106266],[-93.6664455,45.2106278],[-93.6664467,45.2102918]]}},{"type":"Feature","id":"way/552455201","properties":{"kind":"road","osm_timestamp":"2019-05-11T07:23:14Z","highway":"service","surface":"asphalt","service":"alley"},"geometry":{"type":"LineString","coordinates":[[-93.6646995,45.2110489],[-93.6648143,45.2110519],[-93.6655531,45.211071],[-93.6655543,45.2109159],[-93.6655556,45.2107511],[-93.665564,45.2102451],[-93.6656101,45.210162]]}},{"type":"Feature","id":"way/552455202","properties":{"kind":"road","osm_timestamp":"2018-01-11T20:56:45Z","highway":"service","surface":"asphalt","service":"parking_aisle"},"geometry":{"type":"LineString","coordinates":[[-93.6655531,45.211071],[-93.6656917,45.211071],[-93.665761,45.2110637],[-93.6658009,45.211049],[-93.6658251,45.2110222],[-93.6658904,45.2109121],[-93.6658996,45.2108964],[-93.6659031,45.2107499],[-93.6655556,45.2107511]]}},{"type":"Feature","id":"way/552455203","properties":{"kind":"road","osm_timestamp":"2018-01-11T20:56:45Z","highway":"service","surface":"asphalt","service":"parking_aisle"},"geometry":{"type":"LineString","coordinates":[[-93.6655543,45.2109159],[-93.6658904,45.2109121]]}},{"type":"Feature","id":"way/552455204","properties":{"kind":"road","osm_timestamp":"2022-05-13T10:18:38Z","highway":"service","surface":"asphalt","service":"parking_aisle"},"geometry":{"type":"LineString","coordinates":[[-93.6672905,45.2104193],[-93.6665235,45.2104142],[-93.6665165,45.2105863],[-93.6672738,45.2105937],[-93.6672905,45.2104193]]}},{"type":"Feature","id":"way/552455205","properties":{"kind":"parking","osm_timestamp":"2018-01-11T20:56:45Z","surface":"asphalt","amenity":"parking"},"geometry":{"type":"Polygon","coordinates":[[[-93.6673319,45.2106798],[-93.6664985,45.2106771],[-93.6665008,45.2103274],[-93.6673342,45.2103301],[-93.6673319,45.2106798]]]}},{"type":"Feature","id":"way/552455206","properties":{"kind":"road","osm_timestamp":"2023-05-25T20:58:11Z","highway":"footway","width":"1","surface":"asphalt"},"geometry":{"type":"LineString","coordinates":[[-93.6664748,45.2106963],[-93.6673067,45.2107011],[-93.6674228,45.2107011],[-93.6675926,45.2107231],[-93.6679773,45.2107951],[-93.6680607,45.2108109]]}},{"type":"Feature","id":"way/552455207","properties":{"kind":"land","osm_timestamp":"2022-05-30T20:34:16Z","surface":"asphalt","leisure":"schoolyard"},"geometry":{"type":"Polygon","coordinates":[[[-93.6670967,45.2107185],[-93.6670971,45.2109111],[-93.6666858,45.2109114],[-93.6666854,45.2107188],[-93.6670967,45.2107185]]]}},{"type":"Feature","id":"way/552455208","properties":{"kind":"building","osm_timestamp":"2021-07-28T20:02:02Z","name":"St. Michael-Albertville Early Education","building":"school"},"geometry":{"type":"Polygon","coordinates":[[[-93.6664414,45.2109607],[-93.6662065,45.2109586],[-93.6662078,45.2108869],[-93.6659285,45.2108844],[-93.6659321,45.2106854],[-93.6655769,45.2106823],[-93.6655805,45.2104803],[-93.6656409,45.2104808],[-93.6656441,45.2103001],[-93.6660186,45.2103034],[-93.6660173,45.2103765],[-93.6662328,45.2103784],[-93.6662319,45.2104327],[-93.6664046,45.2104343],[-93.6663978,45.2108152],[-93.666444,45.2108156],[-93.6664414,45.2109607]]]}},{"type":"Feature","id":"way/552455209","properties":{"kind":"building","osm_timestamp":"2021-07-28T20:02:02Z","name":"Church of St. Michael, Historic Catholic Church","building":"church"},"geometry":{"type":"Polygon","coordinates":[[[-93.6654501,45.2110352],[-93.6654525,45.2109633],[-93.6654749,45.2109563],[-93.6654898,45.2109361],[-93.6654848,45.2109151],[-93.6654612,45.2108959],[-93.6654644,45.2108053],[-93.6649048,45.2107957],[-93.6648978,45.210997],[-93.6650022,45.2109988],[-93.6650012,45.2110275],[-93.6654501,45.2110352]]]}},{"type":"Feature","id":"way/552455213","properties":{"kind":"parking","osm_timestamp":"2018-01-11T20:56:46Z","surface":"asphalt","amenity":"parking"},"geometry":{"type":"Polygon","coordinates":[[[-93.6655044,45.2111191],[-93.6655021,45.2107693],[-93.6655016,45.2106828],[-93.6655769,45.2106823],[-93.6659321,45.2106854],[-93.6659285,45.2108844],[-93.6659326,45.2109422],[-93.6658926,45.2110046],[-93.6658384,45.2110749],[-93.6657585,45.2111071],[-93.6656222,45.2111195],[-93.6655044,45.2111191]]]}},{"type":"Feature","id":"way/552455214","properties":{"kind":"parking","osm_timestamp":"2018-01-11T20:56:46Z","surface":"asphalt","amenity":"parking"},"geometry":{"type":"Polygon","coordinates":[[[-93.6655805,45.2104803],[-93.6655872,45.2103048],[-93.6656441,45.2103001],[-93.6656409,45.2104808],[-93.6655805,45.2104803]]]}},{"type":"Feature","id":"way/552455215","properties":{"kind":"land","osm_timestamp":"2018-01-11T20:56:46Z","landuse":"religious"},"geometry":{"type":"Polygon","coordinates":[[[-93.6648822,45.2107532],[-93.6655021,45.2107693],[-93.6655044,45.2111191],[-93.6656222,45.2111195],[-93.6656202,45.2114259],[-93.6655536,45.2114256],[-93.6655498,45.2120119],[-93.6648473,45.2120096],[-93.6648531,45.211117],[-93.6648822,45.2107532]]]}},{"type":"Feature","id":"way/552455217","properties":{"kind":"building","osm_timestamp":"2018-01-11T20:56:46Z","building":"yes"},"geometry":{"type":"Polygon","coordinates":[[[-93.6652684,45.210638],[-93.6650144,45.2106359],[-93.6650162,45.2105306],[-93.6652702,45.2105327],[-93.6652684,45.210638]]]}},{"type":"Feature","id":"way/552455218","properties":{"kind":"building","osm_timestamp":"2018-01-11T20:56:47Z","building":"yes"},"geometry":{"type":"Polygon","coordinates":[[[-93.6652862,45.2106044],[-93.6652877,45.2104692],[-93.6654933,45.2104703],[-93.6654918,45.2106056],[-93.6652862,45.2106044]]]}},{"type":"Feature","id":"way/552455219","properties":{"kind":"land","osm_timestamp":"2018-01-11T20:56:47Z","landuse":"commercial"},"geometry":{"type":"Polygon","coordinates":[[[-93.6655021,45.2107693],[-93.6648822,45.2107532],[-93.6649016,45.2107062],[-93.6649137,45.2106439],[-93.6649313,45.2105404],[-93.6649442,45.2104394],[-93.664957,45.2103578],[-93.6649778,45.2103229],[-93.665054,45.2103033],[-93.6652204,45.2102911],[-93.6655073,45.2102847],[-93.6655016,45.2106828],[-93.6655021,45.2107693]]]}},{"type":"Feature","id":"way/552471036","properties":{"kind":"land","osm_timestamp":"2018-01-11T22:52:07Z","natural":"water"},"geometry":{"type":"Polygon","coordinates":[[[-93.6676549,45.207787],[-93.667553,45.2076434],[-93.6674211,45.2074534],[-93.6673432,45.2073689],[-93.667547,45.2073901],[-93.6678167,45.207407],[-93.6681823,45.2073605],[-93.6686079,45.2073943],[-93.6688176,45.2074703],[-93.6689735,45.2075547],[-93.6686079,45.2076012],[-93.6682902,45.2076096],[-93.6679486,45.2076688],[-93.6676549,45.207787]]]}},{"type":"Feature","id":"way/552471045","properties":{"kind":"land","osm_timestamp":"2018-01-11T22:52:07Z","natural":"water"},"geometry":{"type":"Polygon","coordinates":[[[-93.6698979,45.2114268],[-93.6696229,45.2115085],[-93.6691889,45.2115418],[-93.6688322,45.2115509],[-93.6682907,45.2115751],[-93.6680888,45.2116115],[-93.6680415,45.2116993],[-93.6680501,45.2119384],[-93.6680071,45.2123956],[-93.6680587,45.2124258],[-93.6694123,45.2122321],[-93.6697346,45.2121564],[-93.6699194,45.2120928],[-93.6699194,45.2120111],[-93.6698077,45.212002],[-93.669769,45.2119081],[-93.6698678,45.2118234],[-93.6699581,45.2117053],[-93.6699538,45.2115116],[-93.6698979,45.2114268]]]}},{"type":"Feature","id":"way/552471050","properties":{"kind":"land","osm_timestamp":"2018-01-11T22:52:07Z","natural":"water"},"geometry":{"type":"Polygon","coordinates":[[[-93.6653987,45.2127437],[-93.6652483,45.2127709],[-93.6650248,45.2127679],[-93.6650076,45.2126498],[-93.6650248,45.2125318],[-93.6652139,45.2124924],[-93.6653944,45.2124894],[-93.6654588,45.212556],[-93.6654331,45.2126498],[-93.6653987,45.2127437]]]}},{"type":"Feature","id":"way/552471053","properties":{"kind":"land","osm_timestamp":"2018-01-11T22:52:07Z","natural":"water"},"geometry":{"type":"Polygon","coordinates":[[[-93.667543,45.2129041],[-93.6675817,45.2129798],[-93.6675473,45.21311],[-93.6674743,45.2131191],[-93.6674098,45.2130616],[-93.6674141,45.2129586],[-93.6674141,45.2128678],[-93.6674872,45.2128648],[-93.667543,45.2129041]]]}},{"type":"Feature","id":"way/552760906","properties":{"kind":"land","osm_timestamp":"2018-02-01T16:12:45Z","natural":"wood"},"geometry":{"type":"Polygon","coordinates":[[[-93.6669843,45.2048385],[-93.6667719,45.2048248],[-93.6667489,45.2045054],[-93.665931,45.2045072],[-93.6659431,45.2048195],[-93.6653492,45.2048086],[-93.6652855,45.2055667],[-93.6656182,45.2060953],[-93.6655757,45.2068334],[-93.6655757,45.2074767],[-93.6656394,45.2079355],[-93.6658753,45.2084027],[-93.6659013,45.2084542],[-93.666772,45.2081899],[-93.6666658,45.2075266],[-93.6668498,45.2068434],[-93.6673665,45.2069681],[-93.6687397,45.2072024],[-93.6694547,45.2074717],[-93.6698864,45.2074518],[-93.6704258,45.207034],[-93.6705247,45.2069118],[-93.6706775,45.2067166],[-93.6708163,45.2066236],[-93.6716113,45.20659],[-93.6717599,45.2065613],[-93.6720689,45.2061952],[-93.6722931,45.2061103],[-93.6728109,45.2060933],[-93.673815,45.2060604],[-93.6737513,45.2055118],[-93.674176,45.2052076],[-93.6745086,45.2050879],[-93.6748909,45.2052325],[-93.6750324,45.2054819],[-93.6747139,45.2056564],[-93.6749475,45.2059407],[-93.6750206,45.2060132],[-93.6751386,45.2061302],[-93.675174,45.206594],[-93.6757615,45.2066888],[-93.6764623,45.2070079],[-93.6767029,45.2067037],[-93.6771347,45.2064544],[-93.6774957,45.2064893],[-93.6779983,45.2059806],[-93.6778284,45.2058011],[-93.6772338,45.2057612],[-93.6768941,45.2054719],[-93.676802,45.2050679],[-93.6761367,45.2049532],[-93.6755421,45.2046939],[-93.6752448,45.2044795],[-93.675082,45.2043099],[-93.6744379,45.2042101],[-93.6740698,45.2039308],[-93.6735531,45.2040755],[-93.6731921,45.2044196],[-93.6727249,45.2046989],[-93.6721374,45.2048984],[-93.6714083,45.2048086],[-93.670658,45.2045842],[-93.6701271,45.2044795],[-93.6698227,45.2045293],[-93.6700634,45.2051278],[-93.6701979,45.2055916],[-93.6699148,45.2059457],[-93.6691432,45.2061801],[-93.6685416,45.2061601],[-93.6678691,45.2060754],[-93.6675364,45.2057312],[-93.6675364,45.2053522],[-93.6673595,45.2049782],[-93.6669843,45.2048385]]]}},{"type":"Feature","id":"way/552760907","properties":{"kind":"land","osm_timestamp":"2026-05-11T14:12:13Z","natural":"wood"},"geometry":{"type":"Polygon","coordinates":[[[-93.6621315,45.2068035],[-93.6616762,45.2071529],[-93.6627982,45.2071587],[-93.6627982,45.2068207],[-93.6632292,45.2067691],[-93.6638634,45.2067863],[-93.6638409,45.2063895],[-93.663839,45.2063566],[-93.6635951,45.2062593],[-93.6634975,45.2059155],[-93.6636278,45.2057827],[-93.6638065,45.2056004],[-93.6638885,45.2053892],[-93.6641155,45.2048041],[-93.6636601,45.2047297],[-93.6631072,45.2045406],[-93.6629039,45.2041339],[-93.6624323,45.2036183],[-93.6621071,45.2032745],[-93.6618796,45.203535],[-93.6617168,45.2037214],[-93.6611314,45.204025],[-93.6609723,45.204538],[-93.6604979,45.2047136],[-93.6602958,45.2048967],[-93.6607554,45.2050683],[-93.6607903,45.2047811],[-93.6613698,45.2045658],[-93.6620451,45.204924],[-93.6620812,45.2055691],[-93.661912,45.2063738],[-93.6621315,45.2068035]]]}},{"type":"Feature","id":"way/553612607","properties":{"kind":"road","osm_timestamp":"2023-05-16T18:42:12Z","highway":"footway","width":"1","surface":"concrete"},"geometry":{"type":"LineString","coordinates":[[-93.6688609,45.2169721],[-93.6688839,45.216946],[-93.6689069,45.2169266],[-93.6689405,45.2169136],[-93.6690502,45.2168911],[-93.6692139,45.2168531],[-93.6692723,45.2168375],[-93.6693484,45.2168076],[-93.6694015,45.2167852],[-93.6694475,45.2167602],[-93.6694926,45.2167347],[-93.6695475,45.2166992],[-93.6695749,45.2166767],[-93.6696103,45.2166443],[-93.6696466,45.2166082],[-93.6696775,45.2165745],[-93.6697041,45.2165346],[-93.6697324,45.2164885],[-93.6697501,45.2164467],[-93.6697643,45.2164062],[-93.6697758,45.2163607],[-93.6697793,45.2163034],[-93.6697758,45.2162448],[-93.6697616,45.2161432],[-93.6697527,45.2160148],[-93.6697404,45.2159151],[-93.6697386,45.2158696],[-93.6697589,45.2158041],[-93.6697589,45.2157226],[-93.6697395,45.2156601],[-93.669728,45.2156365],[-93.6697129,45.2155928],[-93.6697067,45.2155542],[-93.6696899,45.2153173],[-93.6696696,45.2150886],[-93.6696652,45.2148686],[-93.6696643,45.2148168],[-93.6696678,45.2147626],[-93.6696802,45.2146728],[-93.6696917,45.2146155],[-93.6697421,45.2143786],[-93.6698448,45.2139754],[-93.6699111,45.2137011],[-93.6699226,45.2136512],[-93.6699297,45.2136064],[-93.6699341,45.2135627],[-93.6699368,45.213496],[-93.6699394,45.2133471],[-93.6699315,45.2133066],[-93.6699244,45.2132056],[-93.6699244,45.2130928],[-93.6699253,45.2129852]]}},{"type":"Feature","id":"way/553625672","properties":{"kind":"parking","osm_timestamp":"2018-01-16T20:47:33Z","surface":"asphalt","amenity":"parking"},"geometry":{"type":"Polygon","coordinates":[[[-93.6589388,45.210668],[-93.6589388,45.2103272],[-93.6592178,45.2103272],[-93.6592178,45.210668],[-93.6589388,45.210668]]]}},{"type":"Feature","id":"way/553635432","properties":{"kind":"road","osm_timestamp":"2026-05-29T11:04:05Z","highway":"service","surface":"asphalt"},"geometry":{"type":"LineString","coordinates":[[-93.6615934,45.2091706],[-93.661654,45.2092193],[-93.6617217,45.2092756],[-93.6616744,45.209323],[-93.661567,45.2094021],[-93.6615043,45.2094615],[-93.6614615,45.2095083],[-93.6614606,45.2095943],[-93.661459,45.2097548],[-93.6614565,45.2100018],[-93.6614676,45.2100864]]}},{"type":"Feature","id":"way/553635434","properties":{"kind":"road","osm_timestamp":"2026-05-29T11:04:05Z","highway":"service","surface":"asphalt","service":"drive-through"},"geometry":{"type":"LineString","coordinates":[[-93.6614615,45.2095083],[-93.6613004,45.2096058],[-93.6612635,45.2096371],[-93.6612113,45.2096814],[-93.6611312,45.2097404],[-93.6610712,45.209784],[-93.6610358,45.2098098],[-93.661053,45.2099815],[-93.661124,45.2100031],[-93.6613232,45.2099993],[-93.6614565,45.2100018]]}},{"type":"Feature","id":"way/553638662","properties":{"kind":"road","osm_timestamp":"2019-05-11T07:10:26Z","highway":"service","surface":"asphalt","service":"parking_aisle"},"geometry":{"type":"LineString","coordinates":[[-93.6635834,45.211373],[-93.6635862,45.2113344],[-93.6635862,45.2111202],[-93.6636402,45.2110864],[-93.6636821,45.2104615],[-93.663781,45.2104572],[-93.6638589,45.2104615],[-93.6639219,45.2105037],[-93.6639219,45.2106156],[-93.6639131,45.2113361],[-93.6639126,45.2113773]]}},{"type":"Feature","id":"way/553638663","properties":{"kind":"road","osm_timestamp":"2018-06-28T11:00:22Z","highway":"service","surface":"asphalt"},"geometry":{"type":"LineString","coordinates":[[-93.6648125,45.2092179],[-93.6645732,45.2092089],[-93.6640296,45.2092162],[-93.6638649,45.2092158],[-93.6638649,45.2095555],[-93.6638649,45.209598],[-93.6638649,45.2096444],[-93.6638649,45.209788],[-93.6639074,45.2099254],[-93.6639063,45.210062],[-93.6639068,45.2101529]]}},{"type":"Feature","id":"way/553638664","properties":{"kind":"road","osm_timestamp":"2018-06-28T11:00:22Z","highway":"service","surface":"asphalt","service":"parking_aisle"},"geometry":{"type":"LineString","coordinates":[[-93.6639074,45.2099254],[-93.6641616,45.2099273],[-93.6641586,45.209788],[-93.6643954,45.2097901],[-93.6643894,45.209655],[-93.6638649,45.2096444]]}},{"type":"Feature","id":"way/553638665","properties":{"kind":"road","osm_timestamp":"2018-01-16T22:21:36Z","highway":"service","surface":"asphalt","service":"parking_aisle"},"geometry":{"type":"LineString","coordinates":[[-93.6641586,45.209788],[-93.6638649,45.209788]]}},{"type":"Feature","id":"way/553638666","properties":{"kind":"road","osm_timestamp":"2026-05-29T11:04:05Z","highway":"service","surface":"asphalt"},"geometry":{"type":"LineString","coordinates":[[-93.6620629,45.2097619],[-93.6621795,45.2097633],[-93.6629909,45.2097868]]}},{"type":"Feature","id":"way/553839837","properties":{"kind":"building","osm_timestamp":"2018-01-17T20:22:29Z","name":"St. Michael Catholic School","building":"school"},"geometry":{"type":"Polygon","coordinates":[[[-93.6644062,45.2112316],[-93.6641165,45.2112279],[-93.6641253,45.2108892],[-93.6640305,45.210888],[-93.6640353,45.2107051],[-93.6639561,45.2107041],[-93.6639643,45.2104322],[-93.6637249,45.2104285],[-93.663728,45.2103238],[-93.6637614,45.2103256],[-93.6637621,45.2102977],[-93.6641419,45.2103027],[-93.6641425,45.2102785],[-93.6643234,45.2102808],[-93.664321,45.2103758],[-93.6642655,45.2103751],[-93.6642615,45.2105322],[-93.6642523,45.210885],[-93.6641568,45.2108837],[-93.6641552,45.2109479],[-93.6641536,45.2110064],[-93.664412,45.2110098],[-93.6644093,45.2111124],[-93.6644062,45.2112316]]]}},{"type":"Feature","id":"way/553839838","properties":{"kind":"parking","osm_timestamp":"2018-01-17T20:22:29Z","surface":"asphalt","amenity":"parking"},"geometry":{"type":"Polygon","coordinates":[[[-93.6639643,45.2104322],[-93.6637249,45.2104285],[-93.663728,45.2103238],[-93.6635155,45.2103206],[-93.6634932,45.2110567],[-93.663333,45.2110546],[-93.6633246,45.2112897],[-93.6639379,45.2113002],[-93.6639561,45.2107041],[-93.6639643,45.2104322]]]}},{"type":"Feature","id":"way/553839839","properties":{"kind":"land","osm_timestamp":"2018-01-17T20:22:30Z","surface":"sand","leisure":"playground"},"geometry":{"type":"Polygon","coordinates":[[[-93.663333,45.2110546],[-93.6630537,45.2110497],[-93.6630453,45.2112847],[-93.6633246,45.2112897],[-93.663333,45.2110546]]]}},{"type":"Feature","id":"way/553839841","properties":{"kind":"road","osm_timestamp":"2026-05-11T14:12:13Z","highway":"footway","width":"1","surface":"concrete"},"geometry":{"type":"LineString","coordinates":[[-93.6646243,45.2109413],[-93.6641552,45.2109479]]}},{"type":"Feature","id":"way/553839842","properties":{"kind":"road","osm_timestamp":"2024-05-14T22:23:21Z","highway":"footway","width":"1","surface":"concrete"},"geometry":{"type":"LineString","coordinates":[[-93.6644093,45.2111124],[-93.6646164,45.2111022]]}},{"type":"Feature","id":"way/553839843","properties":{"kind":"road","osm_timestamp":"2024-05-14T22:23:21Z","highway":"footway","width":"1","surface":"concrete"},"geometry":{"type":"LineString","coordinates":[[-93.6642615,45.2105322],[-93.6646099,45.2105223]]}},{"type":"Feature","id":"way/553839844","properties":{"kind":"road","osm_timestamp":"2023-05-16T18:32:53Z","highway":"footway","width":"1","surface":"concrete"},"geometry":{"type":"LineString","coordinates":[[-93.6613044,45.2096622],[-93.661338,45.20968],[-93.6613396,45.2099431],[-93.6613256,45.2099671],[-93.6613232,45.2099993],[-93.6613236,45.2100297],[-93.6613391,45.2100525],[-93.6613895,45.2100903],[-93.6614676,45.2100864]]}},{"type":"Feature","id":"way/553839845","properties":{"kind":"road","osm_timestamp":"2026-05-11T14:12:13Z","highway":"footway","width":"1","surface":"asphalt"},"geometry":{"type":"LineString","coordinates":[[-93.6649715,45.210287],[-93.6647813,45.2102691],[-93.6645457,45.2102831],[-93.6645572,45.2101589]]}},{"type":"Feature","id":"way/553839846","properties":{"kind":"road","osm_timestamp":"2026-06-27T22:31:56Z","highway":"cycleway","width":"1","surface":"concrete"},"geometry":{"type":"LineString","coordinates":[[-93.6645828,45.2089138],[-93.6645719,45.2088233],[-93.6645537,45.2087245],[-93.6645716,45.2086538],[-93.6646018,45.2084849],[-93.6646379,45.2081208],[-93.6646918,45.2076471],[-93.6646949,45.2074792],[-93.664678,45.2073547],[-93.6647002,45.207267],[-93.6647026,45.2071719],[-93.6647108,45.2059127],[-93.6647156,45.2058706],[-93.6646978,45.2058036],[-93.6647055,45.2057836],[-93.6647081,45.2056868],[-93.664712,45.2055867],[-93.6647005,45.2052779],[-93.6647007,45.2051293],[-93.664709,45.2048168],[-93.6647134,45.2045986],[-93.6647108,45.2044832]]}},{"type":"Feature","id":"way/553839866","properties":{"kind":"road","osm_timestamp":"2026-05-11T14:12:13Z","highway":"footway","width":"1","surface":"concrete"},"geometry":{"type":"LineString","coordinates":[[-93.6645828,45.2089138],[-93.6643806,45.2089162],[-93.6636595,45.2088996],[-93.6630856,45.2088915],[-93.6630194,45.2088891],[-93.6629522,45.2088865],[-93.6628444,45.2088901],[-93.6627128,45.2088954],[-93.6625769,45.2089094],[-93.6624641,45.2089279],[-93.6623524,45.2089483],[-93.6622517,45.2089735],[-93.6621442,45.2090046],[-93.662027,45.2090435],[-93.661936,45.2090866],[-93.6618273,45.2091369],[-93.6617029,45.2091985],[-93.661654,45.2092193],[-93.6615994,45.2092506],[-93.6616273,45.2092727],[-93.6616215,45.2093022],[-93.6615593,45.2093432],[-93.6613984,45.2094837],[-93.6612335,45.2096187],[-93.6612635,45.2096371],[-93.6613044,45.2096622]]}},{"type":"Feature","id":"way/553839869","properties":{"kind":"road","osm_timestamp":"2026-06-27T22:31:52Z","highway":"cycleway","width":"1","surface":"concrete"},"geometry":{"type":"LineString","coordinates":[[-93.6648061,45.2087306],[-93.6645537,45.2087245],[-93.6636405,45.2087128],[-93.6635705,45.2087119],[-93.6633784,45.2087104],[-93.6631442,45.2087216],[-93.6630626,45.2087253],[-93.6630018,45.2087246],[-93.6629359,45.2087252],[-93.6628195,45.2087319],[-93.6626944,45.208738],[-93.6625532,45.2087447],[-93.6623953,45.2087542],[-93.6622835,45.2087694],[-93.6621926,45.2087904],[-93.6620644,45.2088266],[-93.6619306,45.2088733],[-93.6618222,45.2089164],[-93.6617176,45.2089646],[-93.661603,45.2090206],[-93.6615861,45.2090274],[-93.661507,45.2090909],[-93.6614487,45.209123],[-93.6613918,45.2091567],[-93.6612768,45.2092501],[-93.6611805,45.2093386],[-93.6611013,45.2094178],[-93.6609721,45.2095337],[-93.6609052,45.2095802],[-93.6607881,45.209658],[-93.660681,45.2097165],[-93.6605595,45.2097771],[-93.6604282,45.2098311],[-93.6603244,45.2098744],[-93.6602224,45.2099181],[-93.6601367,45.2099539],[-93.6600535,45.2099735],[-93.6599711,45.2099857],[-93.6598446,45.2099994],[-93.6597341,45.2100047],[-93.6596232,45.209992],[-93.6595118,45.2099835],[-93.6594263,45.2099822],[-93.6593739,45.209981],[-93.6591991,45.2099781],[-93.6591119,45.2099388],[-93.6590623,45.2099463],[-93.6589214,45.2099467],[-93.658822,45.2099393],[-93.6587251,45.2099511],[-93.6586264,45.2099505],[-93.6580096,45.2099457]]}},{"type":"Feature","id":"way/553839892","properties":{"kind":"road","osm_timestamp":"2023-05-16T18:32:53Z","highway":"footway","width":"1","surface":"concrete"},"geometry":{"type":"LineString","coordinates":[[-93.6590538,45.2102317],[-93.6594465,45.210247],[-93.6599061,45.2102416],[-93.6601023,45.2102402],[-93.6602907,45.2102375],[-93.6603269,45.2102365],[-93.6605901,45.2102286],[-93.6609677,45.2102213],[-93.6612749,45.2102093],[-93.6613284,45.21022],[-93.6613647,45.2102395],[-93.6614589,45.2102301],[-93.6615278,45.2102203],[-93.6615413,45.2102072],[-93.6615561,45.2101951],[-93.6621119,45.2101888],[-93.66271,45.2101969],[-93.6627946,45.2102091],[-93.6628605,45.2102175],[-93.6629605,45.2102235],[-93.6630373,45.2102225]]}},{"type":"Feature","id":"way/553839893","properties":{"kind":"road","osm_timestamp":"2023-05-17T14:13:50Z","highway":"footway","width":"1","surface":"concrete"},"geometry":{"type":"LineString","coordinates":[[-93.6615861,45.2090274],[-93.6613652,45.2088373],[-93.6612923,45.2088082],[-93.661211,45.2087703],[-93.6611409,45.2087358],[-93.6610204,45.2086865]]}},{"type":"Feature","id":"way/553845620","properties":{"kind":"building","osm_timestamp":"2025-07-01T18:57:59Z","name":"Walgreens","building":"yes"},"geometry":{"type":"Polygon","coordinates":[[[-93.6645168,45.2092779],[-93.664519,45.2095707],[-93.6640602,45.2095724],[-93.6640593,45.2094483],[-93.6640582,45.2093011],[-93.6640581,45.2092796],[-93.6645168,45.2092779]]]}},{"type":"Feature","id":"way/553845622","properties":{"kind":"road","osm_timestamp":"2018-01-17T21:07:20Z","highway":"service","surface":"asphalt","service":"drive-through"},"geometry":{"type":"LineString","coordinates":[[-93.6638649,45.2095555],[-93.6639592,45.2095059],[-93.6640319,45.2094739],[-93.6640593,45.2094483],[-93.6640582,45.2093011],[-93.6640319,45.2092659],[-93.6640296,45.2092162]]}},{"type":"Feature","id":"way/553845623","properties":{"kind":"building","osm_timestamp":"2024-05-08T23:15:06Z","name":"Domino's","building":"yes","amenity":"fast_food"},"geometry":{"type":"Polygon","coordinates":[[[-93.6637246,45.2100607],[-93.6635875,45.2100607],[-93.6635875,45.209904],[-93.6635875,45.2098088],[-93.6637246,45.2098088],[-93.6637246,45.2100022],[-93.6637246,45.2100607]]]}},{"type":"Feature","id":"way/553845624","properties":{"kind":"building","osm_timestamp":"2018-01-17T21:07:20Z","name":"Liberty Restaurant and Bar","building":"yes","amenity":"restaurant"},"geometry":{"type":"Polygon","coordinates":[[[-93.6635602,45.2100216],[-93.6634258,45.2100213],[-93.6634256,45.2100691],[-93.663077,45.2100683],[-93.663078,45.2098514],[-93.6632078,45.2098518],[-93.663208,45.209812],[-93.6634259,45.2098125],[-93.6634254,45.2099256],[-93.6635607,45.209926],[-93.6635602,45.2100216]]]}},{"type":"Feature","id":"way/553845625","properties":{"kind":"building","osm_timestamp":"2018-01-17T21:07:20Z","name":"Ditto's Bar","building":"yes","amenity":"bar"},"geometry":{"type":"Polygon","coordinates":[[[-93.6657798,45.2100448],[-93.6656784,45.2100429],[-93.6656826,45.2098619],[-93.6657878,45.2098648],[-93.6657798,45.2100448]]]}},{"type":"Feature","id":"way/553845626","properties":{"kind":"building","osm_timestamp":"2018-01-17T21:07:20Z","building":"yes"},"geometry":{"type":"Polygon","coordinates":[[[-93.6655965,45.2100326],[-93.6651237,45.2100265],[-93.6651277,45.2098523],[-93.6655923,45.2098558],[-93.6655965,45.2100326]]]}},{"type":"Feature","id":"way/553845627","properties":{"kind":"building","osm_timestamp":"2018-01-17T21:07:21Z","name":"Main Street Farmer","building":"yes","amenity":"restaurant"},"geometry":{"type":"Polygon","coordinates":[[[-93.6653315,45.209639],[-93.6649972,45.2096341],[-93.6649682,45.2093144],[-93.6650927,45.2093155],[-93.6650884,45.2095232],[-93.6653344,45.2095257],[-93.6653315,45.209639]]]}},{"type":"Feature","id":"way/553845628","properties":{"kind":"building","osm_timestamp":"2018-01-17T21:07:21Z","building":"yes"},"geometry":{"type":"Polygon","coordinates":[[[-93.6653344,45.2095257],[-93.6650884,45.2095232],[-93.6650927,45.2093155],[-93.6653387,45.2093181],[-93.6653344,45.2095257]]]}},{"type":"Feature","id":"way/553845629","properties":{"kind":"road","osm_timestamp":"2018-01-17T21:07:21Z","highway":"service","surface":"asphalt","service":"alley"},"geometry":{"type":"LineString","coordinates":[[-93.6654943,45.2097406],[-93.6654786,45.2095795],[-93.6654763,45.2092899],[-93.6657125,45.2092867],[-93.6657638,45.2093051]]}},{"type":"Feature","id":"way/553845630","properties":{"kind":"parking","osm_timestamp":"2018-01-17T21:07:21Z","surface":"asphalt","amenity":"parking"},"geometry":{"type":"Polygon","coordinates":[[[-93.6640581,45.2092796],[-93.6640576,45.2091742],[-93.6637408,45.209172],[-93.6637408,45.2095224],[-93.6630471,45.2095291],[-93.6630344,45.2098415],[-93.663078,45.2098514],[-93.6632078,45.2098518],[-93.663208,45.209812],[-93.6634259,45.2098125],[-93.6634254,45.2099256],[-93.6635607,45.209926],[-93.6635875,45.209904],[-93.6635875,45.2098088],[-93.6637246,45.2098088],[-93.6637246,45.2100022],[-93.664197,45.2100133],[-93.6641938,45.2099085],[-93.6642667,45.2099107],[-93.6642603,45.2098237],[-93.6645137,45.2098303],[-93.664519,45.2095707],[-93.6640602,45.2095724],[-93.6640581,45.2092796]]]}},{"type":"Feature","id":"way/553845634","properties":{"kind":"building","osm_timestamp":"2018-01-17T21:07:21Z","building":"house"},"geometry":{"type":"Polygon","coordinates":[[[-93.6632105,45.2093544],[-93.6632127,45.2095047],[-93.6633274,45.2095039],[-93.6633251,45.2093535],[-93.6632105,45.2093544]]]}},{"type":"Feature","id":"way/553845635","properties":{"kind":"building","osm_timestamp":"2018-01-17T21:07:21Z","building":"house"},"geometry":{"type":"Polygon","coordinates":[[[-93.6633352,45.2093205],[-93.6632149,45.2093193],[-93.6632177,45.2091802],[-93.663338,45.2091814],[-93.6633352,45.2093205]]]}},{"type":"Feature","id":"way/553845636","properties":{"kind":"building","osm_timestamp":"2018-01-17T21:07:21Z","building":"house"},"geometry":{"type":"Polygon","coordinates":[[[-93.6633366,45.2091457],[-93.6632199,45.2091477],[-93.6632147,45.2089925],[-93.6633314,45.2089906],[-93.6633366,45.2091457]]]}},{"type":"Feature","id":"way/553845637","properties":{"kind":"land","osm_timestamp":"2018-01-17T21:07:21Z","leisure":"swimming_pool"},"geometry":{"type":"Polygon","coordinates":[[[-93.6633793,45.2091194],[-93.6633781,45.2091107],[-93.6633811,45.2091022],[-93.6633878,45.2090949],[-93.6633975,45.2090895],[-93.6634092,45.2090867],[-93.6634215,45.2090867],[-93.6634332,45.2090895],[-93.6634428,45.2090948],[-93.6634496,45.209102],[-93.6634526,45.2091103],[-93.6634517,45.2091189],[-93.6634469,45.2091268],[-93.6634387,45.2091332],[-93.663428,45.2091374],[-93.663416,45.209139],[-93.6634038,45.2091377],[-93.6633928,45.2091336],[-93.6633844,45.2091273],[-93.6633793,45.2091194]]]}},{"type":"Feature","id":"way/553845639","properties":{"kind":"building","osm_timestamp":"2018-01-17T21:07:22Z","building":"house"},"geometry":{"type":"Polygon","coordinates":[[[-93.6627124,45.20922],[-93.6627117,45.2093112],[-93.6625807,45.2093107],[-93.6625815,45.2092195],[-93.6627124,45.20922]]]}},{"type":"Feature","id":"way/553845640","properties":{"kind":"building","osm_timestamp":"2018-01-17T21:07:22Z","building":"garage"},"geometry":{"type":"Polygon","coordinates":[[[-93.6625176,45.2092114],[-93.6624345,45.2092124],[-93.6624335,45.2091731],[-93.6625166,45.209172],[-93.6625176,45.2092114]]]}},{"type":"Feature","id":"way/553845641","properties":{"kind":"building","osm_timestamp":"2018-01-17T21:07:22Z","building":"commercial"},"geometry":{"type":"Polygon","coordinates":[[[-93.6628275,45.2100225],[-93.662566,45.2100187],[-93.66257,45.2098828],[-93.6628315,45.2098842],[-93.6628275,45.2100225]]]}},{"type":"Feature","id":"way/553845642","properties":{"kind":"parking","osm_timestamp":"2018-01-17T21:07:22Z","surface":"asphalt","amenity":"parking"},"geometry":{"type":"Polygon","coordinates":[[[-93.6628753,45.2098843],[-93.6628315,45.2098842],[-93.66257,45.2098828],[-93.6621614,45.2098822],[-93.6621619,45.2096897],[-93.6628758,45.2096907],[-93.6628753,45.2098843]]]}},{"type":"Feature","id":"way/553845643","properties":{"kind":"building","osm_timestamp":"2018-01-17T21:07:22Z","name":"Dunn Brothers","building":"yes"},"geometry":{"type":"Polygon","coordinates":[[[-93.6612598,45.2099743],[-93.6610767,45.2099743],[-93.6610767,45.2098302],[-93.6612598,45.2098302],[-93.6612598,45.2099743]]]}},{"type":"Feature","id":"way/553845644","properties":{"kind":"parking","osm_timestamp":"2018-01-17T21:07:22Z","surface":"asphalt","amenity":"parking"},"geometry":{"type":"Polygon","coordinates":[[[-93.6615216,45.2100444],[-93.6613084,45.2100435],[-93.6613118,45.2096556],[-93.661525,45.2096565],[-93.6615216,45.2100444]]]}},{"type":"Feature","id":"way/553845645","properties":{"kind":"parking","osm_timestamp":"2018-01-17T21:07:22Z","surface":"asphalt","amenity":"parking"},"geometry":{"type":"Polygon","coordinates":[[[-93.6609724,45.2098209],[-93.6609698,45.2099693],[-93.6608759,45.2100024],[-93.6608772,45.2098568],[-93.6609724,45.2098209]]]}},{"type":"Feature","id":"way/553845646","properties":{"kind":"land","osm_timestamp":"2018-01-17T21:07:22Z","landuse":"residential"},"geometry":{"type":"Polygon","coordinates":[[[-93.6646221,45.2091596],[-93.6636947,45.2091575],[-93.6636855,45.2095026],[-93.66306,45.2095091],[-93.6630631,45.2089274],[-93.6646283,45.2089469],[-93.6646221,45.2091596]]]}},{"type":"Feature","id":"way/553845647","properties":{"kind":"land","osm_timestamp":"2020-11-03T19:37:10Z","landuse":"retail"},"geometry":{"type":"Polygon","coordinates":[[[-93.6646221,45.2091596],[-93.6646079,45.210083],[-93.6639063,45.210062],[-93.663077,45.2100683],[-93.66306,45.2095091],[-93.6636855,45.2095026],[-93.6636947,45.2091575],[-93.6646221,45.2091596]]]}},{"type":"Feature","id":"way/553845648","properties":{"kind":"land","osm_timestamp":"2019-12-13T14:28:35Z","landuse":"retail"},"geometry":{"type":"Polygon","coordinates":[[[-93.6651368,45.2100446],[-93.6649957,45.2099642],[-93.6649972,45.2096341],[-93.6649682,45.2093144],[-93.6649641,45.209253],[-93.6660278,45.2092662],[-93.6660711,45.2095605],[-93.6660759,45.2100493],[-93.6651368,45.2100446]]]}},{"type":"Feature","id":"way/553845649","properties":{"kind":"land","osm_timestamp":"2018-01-17T21:07:23Z","landuse":"grass"},"geometry":{"type":"Polygon","coordinates":[[[-93.6660278,45.2092662],[-93.6649641,45.209253],[-93.6649703,45.2089708],[-93.6651736,45.2089751],[-93.6654324,45.2089665],[-93.6656512,45.2089426],[-93.6658823,45.2088905],[-93.6660302,45.2088558],[-93.6660254,45.208928],[-93.6660278,45.2092662]]]}},{"type":"Feature","id":"way/553845651","properties":{"kind":"building","osm_timestamp":"2018-01-17T21:07:23Z","building":"apartments","building:levels":"6"},"geometry":{"type":"Polygon","coordinates":[[[-93.6674096,45.2089086],[-93.6667604,45.2089032],[-93.6667635,45.2087158],[-93.6670647,45.2087183],[-93.6670691,45.2084548],[-93.667417,45.2084576],[-93.6674096,45.2089086]]]}},{"type":"Feature","id":"way/553845652","properties":{"kind":"parking","osm_timestamp":"2018-01-17T21:07:23Z","surface":"asphalt","amenity":"parking"},"geometry":{"type":"Polygon","coordinates":[[[-93.6667604,45.2089032],[-93.6667575,45.2089367],[-93.6662583,45.2089297],[-93.6662768,45.2087654],[-93.6665256,45.2087614],[-93.6665256,45.2086679],[-93.6665966,45.2086679],[-93.6665948,45.2086389],[-93.6666864,45.2086138],[-93.6667669,45.2086112],[-93.6667635,45.2087158],[-93.6667604,45.2089032]]]}},{"type":"Feature","id":"way/553845653","properties":{"kind":"road","osm_timestamp":"2018-01-17T21:07:23Z","highway":"service","surface":"asphalt","service":"parking_aisle"},"geometry":{"type":"LineString","coordinates":[[-93.6661892,45.2088459],[-93.6666775,45.2088421],[-93.6666808,45.2086613]]}},{"type":"Feature","id":"way/553845654","properties":{"kind":"building","osm_timestamp":"2018-01-17T21:07:23Z","building":"house"},"geometry":{"type":"Polygon","coordinates":[[[-93.6674619,45.2099758],[-93.6673091,45.2099799],[-93.6673035,45.2098775],[-93.6674564,45.2098734],[-93.6674619,45.2099758]]]}},{"type":"Feature","id":"way/553845655","properties":{"kind":"building","osm_timestamp":"2018-01-17T21:07:23Z","building":"house"},"geometry":{"type":"Polygon","coordinates":[[[-93.6668366,45.2099197],[-93.6668304,45.2098307],[-93.6666596,45.2098366],[-93.6666678,45.2099554],[-93.6667609,45.2099522],[-93.6667588,45.2099224],[-93.6668366,45.2099197]]]}},{"type":"Feature","id":"way/553845656","properties":{"kind":"building","osm_timestamp":"2018-01-17T21:07:23Z","building":"house"},"geometry":{"type":"Polygon","coordinates":[[[-93.6672833,45.209673],[-93.6671761,45.2097033],[-93.667089,45.2095502],[-93.6671962,45.2095199],[-93.6672833,45.209673]]]}},{"type":"Feature","id":"way/553845657","properties":{"kind":"building","osm_timestamp":"2018-01-17T21:07:23Z","building":"garage"},"geometry":{"type":"Polygon","coordinates":[[[-93.667239,45.2094275],[-93.6670661,45.2094311],[-93.6670625,45.2093417],[-93.6672354,45.2093382],[-93.667239,45.2094275]]]}},{"type":"Feature","id":"way/553845658","properties":{"kind":"building","osm_timestamp":"2018-01-17T21:07:23Z","building":"apartments"},"geometry":{"type":"Polygon","coordinates":[[[-93.6669521,45.2091165],[-93.6669499,45.2093588],[-93.6667582,45.209358],[-93.6667603,45.2091157],[-93.6669521,45.2091165]]]}},{"type":"Feature","id":"way/553845659","properties":{"kind":"building","osm_timestamp":"2018-01-17T21:07:24Z","building":"apartments"},"geometry":{"type":"Polygon","coordinates":[[[-93.6665287,45.209354],[-93.6663336,45.2093547],[-93.6663319,45.2091115],[-93.666527,45.2091108],[-93.6665287,45.209354]]]}},{"type":"Feature","id":"way/553845660","properties":{"kind":"parking","osm_timestamp":"2018-01-17T21:07:24Z","surface":"asphalt","amenity":"parking"},"geometry":{"type":"Polygon","coordinates":[[[-93.6663421,45.2090786],[-93.6663418,45.2090202],[-93.6674316,45.2090175],[-93.6674319,45.2090759],[-93.6663421,45.2090786]]]}},{"type":"Feature","id":"way/553845661","properties":{"kind":"building","osm_timestamp":"2018-01-17T21:07:24Z","building":"house"},"geometry":{"type":"Polygon","coordinates":[[[-93.6666178,45.2099591],[-93.6664917,45.2099595],[-93.6664909,45.2098518],[-93.666617,45.2098514],[-93.6666178,45.2099591]]]}},{"type":"Feature","id":"way/553845662","properties":{"kind":"building","osm_timestamp":"2018-01-17T21:07:24Z","building":"garage"},"geometry":{"type":"Polygon","coordinates":[[[-93.6662727,45.2096935],[-93.6661838,45.2096916],[-93.6661872,45.2096105],[-93.6662761,45.2096123],[-93.6662727,45.2096935]]]}},{"type":"Feature","id":"way/553845663","properties":{"kind":"building","osm_timestamp":"2018-01-17T21:07:24Z","building":"garage"},"geometry":{"type":"Polygon","coordinates":[[[-93.6666325,45.2097804],[-93.6665073,45.2097822],[-93.6665045,45.2096864],[-93.6666297,45.2096846],[-93.6666325,45.2097804]]]}},{"type":"Feature","id":"way/553845664","properties":{"kind":"building","osm_timestamp":"2018-01-17T21:07:24Z","building":"garage"},"geometry":{"type":"Polygon","coordinates":[[[-93.6674056,45.2098475],[-93.6673183,45.2098481],[-93.6673177,45.209804],[-93.6674051,45.2098035],[-93.6674056,45.2098475]]]}},{"type":"Feature","id":"way/553845665","properties":{"kind":"land","osm_timestamp":"2018-01-17T21:07:24Z","landuse":"residential"},"geometry":{"type":"Polygon","coordinates":[[[-93.6660759,45.2100493],[-93.667541,45.2100385],[-93.6675176,45.2089302],[-93.6675045,45.2084064],[-93.6674419,45.2082796],[-93.6662209,45.2087262],[-93.6662583,45.2089297],[-93.6662535,45.2091225],[-93.6662559,45.2094472],[-93.6661335,45.2095132],[-93.6660711,45.2095605],[-93.6660759,45.2100493]]]}},{"type":"Feature","id":"way/553845666","properties":{"kind":"land","osm_timestamp":"2018-01-17T21:07:24Z","landuse":"residential"},"geometry":{"type":"Polygon","coordinates":[[[-93.6629002,45.2094133],[-93.6618863,45.2093962],[-93.6616919,45.209155],[-93.6620188,45.209004],[-93.6623634,45.2089153],[-93.6626131,45.2088748],[-93.6628958,45.2088608],[-93.6629002,45.2094133]]]}},{"type":"Feature","id":"way/553845667","properties":{"kind":"land","osm_timestamp":"2019-12-13T14:23:49Z","landuse":"retail"},"geometry":{"type":"Polygon","coordinates":[[[-93.6629002,45.2094133],[-93.6629025,45.2100654],[-93.6614676,45.2100864],[-93.6613237,45.2100813],[-93.6606802,45.2101028],[-93.6599711,45.2101386],[-93.6599777,45.2101183],[-93.6602361,45.2100857],[-93.6604791,45.2100016],[-93.6605984,45.2099378],[-93.6608613,45.2098164],[-93.6612567,45.2095161],[-93.6616919,45.209155],[-93.6618863,45.2093962],[-93.6629002,45.2094133]]]}},{"type":"Feature","id":"way/554088495","properties":{"kind":"land","osm_timestamp":"2019-12-18T02:40:44Z","landuse":"farmland"},"geometry":{"type":"Polygon","coordinates":[[[-93.6607945,45.2072678],[-93.6606599,45.2075669],[-93.66056,45.2078229],[-93.6607598,45.2081941],[-93.6608325,45.2086678],[-93.6608779,45.2088406],[-93.6610596,45.2088854],[-93.6614091,45.2091127],[-93.661186,45.2092782],[-93.6609096,45.2095531],[-93.6605011,45.2097569],[-93.6602472,45.2098604],[-93.6600503,45.2099381],[-93.6600422,45.2094934],[-93.6590065,45.2094998],[-93.6590724,45.2084034],[-93.6590792,45.2082901],[-93.6558579,45.2081913],[-93.6558905,45.2062036],[-93.6560268,45.2059412],[-93.6562539,45.2057619],[-93.6566264,45.2055571],[-93.6569262,45.2054803],[-93.6572623,45.2054995],[-93.6575076,45.2056211],[-93.6576347,45.2059412],[-93.6578164,45.2060756],[-93.658252,45.2061914],[-93.6593826,45.2069064],[-93.6597852,45.2066694],[-93.6600169,45.2065994],[-93.6603588,45.2065878],[-93.6605629,45.2066772],[-93.6606566,45.2069647],[-93.6607945,45.2072678]]]}},{"type":"Feature","id":"way/554301975","properties":{"kind":"road","osm_timestamp":"2018-01-19T17:06:19Z","highway":"service","service":"parking_aisle"},"geometry":{"type":"LineString","coordinates":[[-93.6629418,45.2105977],[-93.6623031,45.2105969],[-93.6623117,45.210261]]}},{"type":"Feature","id":"way/554301976","properties":{"kind":"building","osm_timestamp":"2018-01-19T17:06:19Z","building":"commercial"},"geometry":{"type":"Polygon","coordinates":[[[-93.6626941,45.2105256],[-93.6624888,45.210523],[-93.6624929,45.2103625],[-93.6624964,45.2102699],[-93.6627006,45.2102726],[-93.6626941,45.2105256]]]}},{"type":"Feature","id":"way/554301978","properties":{"kind":"building","osm_timestamp":"2018-01-19T17:06:19Z","name":"Tangles Salon","building":"yes"},"geometry":{"type":"Polygon","coordinates":[[[-93.6624703,45.2103606],[-93.6623309,45.2103604],[-93.6623313,45.2102724],[-93.6624707,45.2102727],[-93.6624703,45.2103606]]]}},{"type":"Feature","id":"way/554301981","properties":{"kind":"building","osm_timestamp":"2018-01-19T17:06:19Z","building":"commercial"},"geometry":{"type":"Polygon","coordinates":[[[-93.6622557,45.2104156],[-93.662135,45.2104146],[-93.6621381,45.2102625],[-93.6622568,45.2102621],[-93.6622566,45.2103598],[-93.6622557,45.2104156]]]}},{"type":"Feature","id":"way/554301983","properties":{"kind":"building","osm_timestamp":"2018-01-19T17:06:19Z","building":"commercial"},"geometry":{"type":"Polygon","coordinates":[[[-93.6620986,45.2103898],[-93.6619413,45.2103898],[-93.6619413,45.2102426],[-93.6620986,45.2102426],[-93.6620986,45.2103898]]]}},{"type":"Feature","id":"way/554301985","properties":{"kind":"building","osm_timestamp":"2018-01-19T17:06:19Z","building":"commercial"},"geometry":{"type":"Polygon","coordinates":[[[-93.6618684,45.210549],[-93.6615285,45.2105484],[-93.6615294,45.2102823],[-93.6618693,45.2102829],[-93.6618684,45.210549]]]}},{"type":"Feature","id":"way/554301987","properties":{"kind":"building","osm_timestamp":"2018-01-19T17:06:19Z","building":"house"},"geometry":{"type":"Polygon","coordinates":[[[-93.6618235,45.2106971],[-93.6618215,45.2108566],[-93.6616928,45.2108558],[-93.6616939,45.2107694],[-93.6617414,45.2107697],[-93.6617423,45.2106966],[-93.6618235,45.2106971]]]}},{"type":"Feature","id":"way/554301988","properties":{"kind":"building","osm_timestamp":"2018-01-19T17:06:19Z","building":"house"},"geometry":{"type":"Polygon","coordinates":[[[-93.6617962,45.2110281],[-93.6616557,45.2110288],[-93.6616547,45.2109393],[-93.661706,45.210939],[-93.6617054,45.210878],[-93.6617947,45.2108775],[-93.6617962,45.2110281]]]}},{"type":"Feature","id":"way/554301990","properties":{"kind":"building","osm_timestamp":"2018-01-19T17:06:19Z","building":"house"},"geometry":{"type":"Polygon","coordinates":[[[-93.6619067,45.211175],[-93.6616443,45.2111726],[-93.6616461,45.2110665],[-93.6619086,45.2110689],[-93.6619067,45.211175]]]}},{"type":"Feature","id":"way/554301991","properties":{"kind":"building","osm_timestamp":"2018-01-19T17:06:19Z","building":"house"},"geometry":{"type":"Polygon","coordinates":[[[-93.6623122,45.2111685],[-93.6620919,45.2111664],[-93.6620942,45.2110451],[-93.6622364,45.2110465],[-93.6622356,45.2110907],[-93.6623137,45.2110914],[-93.6623122,45.2111685]]]}},{"type":"Feature","id":"way/554301993","properties":{"kind":"building","osm_timestamp":"2018-01-19T17:06:19Z","building":"garage"},"geometry":{"type":"Polygon","coordinates":[[[-93.6625743,45.2110681],[-93.6624833,45.2110677],[-93.6624837,45.2110091],[-93.6625747,45.2110094],[-93.6625743,45.2110681]]]}},{"type":"Feature","id":"way/554301994","properties":{"kind":"building","osm_timestamp":"2018-01-19T17:06:20Z","building":"house"},"geometry":{"type":"Polygon","coordinates":[[[-93.6627125,45.2110765],[-93.6627075,45.2112069],[-93.6625266,45.2112034],[-93.6625297,45.2111242],[-93.6626074,45.2111256],[-93.6626094,45.2110745],[-93.6627125,45.2110765]]]}},{"type":"Feature","id":"way/554301995","properties":{"kind":"building","osm_timestamp":"2018-01-19T17:06:20Z","building":"garage"},"geometry":{"type":"Polygon","coordinates":[[[-93.6625211,45.2109385],[-93.6623749,45.2109357],[-93.6623786,45.2108392],[-93.6625248,45.2108421],[-93.6625211,45.2109385]]]}},{"type":"Feature","id":"way/554301996","properties":{"kind":"building","osm_timestamp":"2018-01-19T17:06:20Z","building":"house"},"geometry":{"type":"Polygon","coordinates":[[[-93.6627468,45.2107074],[-93.662742,45.2108319],[-93.6625481,45.2108282],[-93.6625507,45.2107604],[-93.6626338,45.210762],[-93.662636,45.2107053],[-93.6627468,45.2107074]]]}},{"type":"Feature","id":"way/554301997","properties":{"kind":"land","osm_timestamp":"2018-01-19T17:06:20Z","landuse":"commercial"},"geometry":{"type":"Polygon","coordinates":[[[-93.6627833,45.2102198],[-93.6628521,45.2102501],[-93.6628401,45.2106745],[-93.6614872,45.2106648],[-93.6615166,45.2102636],[-93.6615533,45.2102131],[-93.6623754,45.2102053],[-93.6626903,45.2102065],[-93.6627833,45.2102198]]]}},{"type":"Feature","id":"way/554301998","properties":{"kind":"land","osm_timestamp":"2018-01-19T17:06:20Z","landuse":"residential"},"geometry":{"type":"Polygon","coordinates":[[[-93.6628401,45.2106745],[-93.6628212,45.2112687],[-93.6614735,45.2112542],[-93.6614872,45.2106648],[-93.6628401,45.2106745]]]}},{"type":"Feature","id":"way/554301999","properties":{"kind":"road","osm_timestamp":"2019-12-13T14:23:49Z","highway":"service","service":"parking_aisle"},"geometry":{"type":"LineString","coordinates":[[-93.6605844,45.2101609],[-93.6605901,45.2102286],[-93.6605458,45.2105678],[-93.6605457,45.2105836],[-93.6607798,45.2105872]]}},{"type":"Feature","id":"way/554302000","properties":{"kind":"road","osm_timestamp":"2018-01-19T17:06:20Z","highway":"service","service":"parking_aisle"},"geometry":{"type":"LineString","coordinates":[[-93.6601447,45.2105703],[-93.6605458,45.2105678]]}},{"type":"Feature","id":"way/554302001","properties":{"kind":"parking","osm_timestamp":"2018-01-19T17:06:20Z","surface":"asphalt","amenity":"parking"},"geometry":{"type":"Polygon","coordinates":[[[-93.6607803,45.2106504],[-93.6601438,45.2106417],[-93.6601471,45.2105246],[-93.660191,45.2105252],[-93.660192,45.2104884],[-93.6603167,45.2104901],[-93.6607845,45.2104965],[-93.6607803,45.2106504]]]}},{"type":"Feature","id":"way/554302002","properties":{"kind":"parking","osm_timestamp":"2018-01-19T17:06:20Z","surface":"asphalt","amenity":"parking"},"geometry":{"type":"Polygon","coordinates":[[[-93.6628356,45.2102407],[-93.6627011,45.2102396],[-93.6627006,45.2102726],[-93.6626941,45.2105256],[-93.6624888,45.210523],[-93.6624929,45.2103625],[-93.6623309,45.2103604],[-93.6622566,45.2103598],[-93.6622557,45.2104156],[-93.662135,45.2104146],[-93.6621311,45.2106537],[-93.6628287,45.2106594],[-93.6628356,45.2102407]]]}},{"type":"Feature","id":"way/554302003","properties":{"kind":"building","osm_timestamp":"2018-01-19T17:06:20Z","building":"commercial"},"geometry":{"type":"Polygon","coordinates":[[[-93.6604732,45.2104428],[-93.6603307,45.2104386],[-93.6603359,45.2103495],[-93.6604784,45.2103537],[-93.6604732,45.2104428]]]}},{"type":"Feature","id":"way/554302004","properties":{"kind":"building","osm_timestamp":"2018-01-19T17:06:20Z","building":"commercial"},"geometry":{"type":"Polygon","coordinates":[[[-93.660291,45.2104296],[-93.6601818,45.210429],[-93.6601827,45.2103496],[-93.6602918,45.2103502],[-93.660291,45.2104296]]]}},{"type":"Feature","id":"way/554302005","properties":{"kind":"road","osm_timestamp":"2024-04-15T16:06:24Z","highway":"footway","width":"1","surface":"concrete"},"geometry":{"type":"LineString","coordinates":[[-93.6603269,45.2102365],[-93.6603168,45.2103326],[-93.6603134,45.2104041],[-93.6603167,45.2104901]]}},{"type":"Feature","id":"way/554302006","properties":{"kind":"building","osm_timestamp":"2018-01-19T17:06:21Z","building":"commercial"},"geometry":{"type":"Polygon","coordinates":[[[-93.6612242,45.2105378],[-93.6611048,45.2105377],[-93.6611049,45.2104408],[-93.6610339,45.2104408],[-93.661034,45.2103419],[-93.6612243,45.2103419],[-93.6612242,45.2105378]]]}},{"type":"Feature","id":"way/554302007","properties":{"kind":"building","osm_timestamp":"2018-01-19T17:06:21Z","building":"house"},"geometry":{"type":"Polygon","coordinates":[[[-93.6600461,45.2104426],[-93.6597892,45.210439],[-93.6597919,45.2103443],[-93.6600488,45.2103479],[-93.6600461,45.2104426]]]}},{"type":"Feature","id":"way/554302009","properties":{"kind":"building","osm_timestamp":"2018-01-19T17:06:21Z","building":"house"},"geometry":{"type":"Polygon","coordinates":[[[-93.6597108,45.2103883],[-93.6595579,45.2103873],[-93.659559,45.2103005],[-93.6597119,45.2103015],[-93.6597108,45.2103883]]]}},{"type":"Feature","id":"way/554302010","properties":{"kind":"building","osm_timestamp":"2018-01-19T17:06:21Z","building":"garage"},"geometry":{"type":"Polygon","coordinates":[[[-93.6596822,45.2105105],[-93.6595788,45.2105129],[-93.6595746,45.2104233],[-93.659678,45.2104209],[-93.6596822,45.2105105]]]}},{"type":"Feature","id":"way/554302012","properties":{"kind":"building","osm_timestamp":"2018-01-19T17:06:21Z","building":"house"},"geometry":{"type":"Polygon","coordinates":[[[-93.6594519,45.2111614],[-93.659331,45.2111605],[-93.6593333,45.2110148],[-93.6595848,45.2110168],[-93.6595834,45.2111049],[-93.6594528,45.2111038],[-93.6594519,45.2111614]]]}},{"type":"Feature","id":"way/554302013","properties":{"kind":"building","osm_timestamp":"2018-01-19T17:06:21Z","building":"house"},"geometry":{"type":"Polygon","coordinates":[[[-93.6598791,45.2111425],[-93.6596469,45.2111441],[-93.6596458,45.2110676],[-93.659878,45.2110659],[-93.6598791,45.2111425]]]}},{"type":"Feature","id":"way/554302014","properties":{"kind":"building","osm_timestamp":"2018-01-19T17:06:21Z","building":"house"},"geometry":{"type":"Polygon","coordinates":[[[-93.6601582,45.2111557],[-93.6599973,45.2111555],[-93.6599975,45.2110584],[-93.6599217,45.2110583],[-93.6599218,45.2109771],[-93.6600436,45.2109773],[-93.6600434,45.2110503],[-93.6601584,45.2110505],[-93.6601582,45.2111557]]]}},{"type":"Feature","id":"way/554302015","properties":{"kind":"building","osm_timestamp":"2018-01-19T17:06:21Z","building":"house"},"geometry":{"type":"Polygon","coordinates":[[[-93.6604862,45.2111467],[-93.6602926,45.2111464],[-93.6602929,45.2110602],[-93.6604865,45.2110606],[-93.6604862,45.2111467]]]}},{"type":"Feature","id":"way/554302016","properties":{"kind":"building","osm_timestamp":"2018-01-19T17:06:21Z","building":"garage"},"geometry":{"type":"Polygon","coordinates":[[[-93.6609251,45.210943],[-93.660778,45.2109427],[-93.6607783,45.2108759],[-93.6609254,45.2108763],[-93.6609251,45.210943]]]}},{"type":"Feature","id":"way/554302017","properties":{"kind":"building","osm_timestamp":"2018-01-19T17:06:21Z","building":"house"},"geometry":{"type":"Polygon","coordinates":[[[-93.6611858,45.2110176],[-93.6610387,45.211016],[-93.6610408,45.2109178],[-93.6611879,45.2109193],[-93.6611858,45.2110176]]]}},{"type":"Feature","id":"way/554302018","properties":{"kind":"building","osm_timestamp":"2018-01-19T17:06:21Z","building":"house"},"geometry":{"type":"Polygon","coordinates":[[[-93.6611936,45.210853],[-93.6610508,45.2108497],[-93.6610566,45.2107226],[-93.6611994,45.2107258],[-93.6611936,45.210853]]]}},{"type":"Feature","id":"way/554302019","properties":{"kind":"building","osm_timestamp":"2018-01-19T17:06:22Z","building":"garage"},"geometry":{"type":"Polygon","coordinates":[[[-93.6610238,45.211135],[-93.6609317,45.2111339],[-93.6609334,45.2110654],[-93.6610256,45.2110666],[-93.6610238,45.211135]]]}},{"type":"Feature","id":"way/554302020","properties":{"kind":"building","osm_timestamp":"2018-01-19T17:06:22Z","building":"commercial"},"geometry":{"type":"Polygon","coordinates":[[[-93.660921,45.2104164],[-93.6606604,45.2104156],[-93.6606609,45.2103252],[-93.6609215,45.210326],[-93.660921,45.2104164]]]}},{"type":"Feature","id":"way/554302021","properties":{"kind":"land","osm_timestamp":"2018-01-19T17:06:22Z","landuse":"commercial"},"geometry":{"type":"Polygon","coordinates":[[[-93.6613564,45.2106842],[-93.6589364,45.2107267],[-93.658957,45.2102707],[-93.6590672,45.2102586],[-93.6612583,45.2102332],[-93.661291,45.2102368],[-93.6613581,45.2102671],[-93.6613564,45.2106842]]]}},{"type":"Feature","id":"way/554302022","properties":{"kind":"land","osm_timestamp":"2018-01-19T17:06:22Z","landuse":"residential"},"geometry":{"type":"Polygon","coordinates":[[[-93.6613289,45.2112626],[-93.6589536,45.2112287],[-93.6589364,45.2107267],[-93.6613564,45.2106842],[-93.6613289,45.2112626]]]}},{"type":"Feature","id":"way/554302023","properties":{"kind":"building","osm_timestamp":"2024-05-18T21:38:38Z","building":"commercial"},"geometry":{"type":"Polygon","coordinates":[[[-93.6597493,45.2099575],[-93.6595688,45.2099544],[-93.6595753,45.2097731],[-93.6597557,45.2097763],[-93.6597493,45.2099575]]]}},{"type":"Feature","id":"way/554302024","properties":{"kind":"building","osm_timestamp":"2024-05-18T21:38:48Z","building":"commercial"},"geometry":{"type":"Polygon","coordinates":[[[-93.659542,45.2097708],[-93.6594571,45.2097672],[-93.6592413,45.209758],[-93.6592509,45.2096463],[-93.6596481,45.2096631],[-93.6596418,45.2097371],[-93.6595452,45.209733],[-93.659542,45.2097708]]]}},{"type":"Feature","id":"way/554302025","properties":{"kind":"road","osm_timestamp":"2026-05-11T14:12:13Z","highway":"service","surface":"asphalt","service":"parking_aisle"},"geometry":{"type":"LineString","coordinates":[[-93.6593801,45.2100597],[-93.6593739,45.209981],[-93.659362,45.2097964],[-93.6591462,45.2097808],[-93.659101,45.2097552],[-93.6590322,45.209755],[-93.6589275,45.20975]]}},{"type":"Feature","id":"way/554302026","properties":{"kind":"parking","osm_timestamp":"2023-05-17T20:45:02Z","surface":"asphalt","amenity":"parking"},"geometry":{"type":"Polygon","coordinates":[[[-93.6590559,45.2098559],[-93.6590282,45.209724],[-93.6590392,45.2096529],[-93.6592509,45.2096463],[-93.6592413,45.209758],[-93.6594571,45.2097672],[-93.6594595,45.2099462],[-93.6591703,45.2099063],[-93.6590559,45.2098559]]]}},{"type":"Feature","id":"way/554302027","properties":{"kind":"land","osm_timestamp":"2018-01-19T17:06:22Z","landuse":"commercial"},"geometry":{"type":"Polygon","coordinates":[[[-93.6600503,45.2099381],[-93.6598632,45.2099821],[-93.65963,45.2099852],[-93.6591272,45.2099636],[-93.6590077,45.2099133],[-93.6589786,45.209863],[-93.6589859,45.209518],[-93.6590065,45.2094998],[-93.6600422,45.2094934],[-93.6600503,45.2099381]]]}},{"type":"Feature","id":"way/554302033","properties":{"kind":"land","osm_timestamp":"2018-01-19T17:06:23Z","landuse":"grass"},"geometry":{"type":"Polygon","coordinates":[[[-93.6703584,45.2084383],[-93.6702546,45.2084666],[-93.6701374,45.2084454],[-93.6700503,45.2083706],[-93.6699532,45.2083345],[-93.6697423,45.2083038],[-93.6685738,45.2083085],[-93.6684532,45.2082991],[-93.6683862,45.2082496],[-93.6683461,45.2081977],[-93.6683595,45.2080962],[-93.6685336,45.2080703],[-93.6688617,45.2080632],[-93.6693606,45.2080538],[-93.6697791,45.2080184],[-93.6704019,45.2080137],[-93.6704521,45.2080679],[-93.6704689,45.208167],[-93.6704689,45.2083085],[-93.6704454,45.2083935],[-93.6703584,45.2084383]]]}},{"type":"Feature","id":"way/554302034","properties":{"kind":"land","osm_timestamp":"2018-01-19T17:06:23Z","landuse":"grass"},"geometry":{"type":"Polygon","coordinates":[[[-93.6683059,45.208351],[-93.6681887,45.2083227],[-93.6677065,45.2083345],[-93.6676563,45.208259],[-93.6679242,45.2081647],[-93.6681954,45.2080939],[-93.6681887,45.2081812],[-93.6682255,45.2082661],[-93.6683059,45.208351]]]}},{"type":"Feature","id":"way/554302035","properties":{"kind":"land","osm_timestamp":"2018-02-02T17:19:53Z","landuse":"grass"},"geometry":{"type":"Polygon","coordinates":[[[-93.666949,45.2083318],[-93.6664414,45.208515],[-93.6658969,45.2086744],[-93.6655329,45.2087489],[-93.6652723,45.2087678],[-93.6653125,45.2084171],[-93.6658753,45.2084027],[-93.6659013,45.2084542],[-93.666772,45.2081899],[-93.666949,45.2083318]]]}},{"type":"Feature","id":"way/554302036","properties":{"kind":"building","osm_timestamp":"2018-01-19T17:06:23Z","building":"terrace"},"geometry":{"type":"Polygon","coordinates":[[[-93.6679597,45.2106911],[-93.6678092,45.2106746],[-93.6678171,45.2106388],[-93.6676318,45.2106184],[-93.6676215,45.2106649],[-93.667495,45.2106509],[-93.6675473,45.2104147],[-93.6676492,45.2104259],[-93.6676376,45.2104783],[-93.6678935,45.2105064],[-93.6679055,45.210452],[-93.6680101,45.2104635],[-93.6679597,45.2106911]]]}},{"type":"Feature","id":"way/554302037","properties":{"kind":"building","osm_timestamp":"2018-01-19T17:06:23Z","building":"terrace","building:levels":"1"},"geometry":{"type":"Polygon","coordinates":[[[-93.6684961,45.2107613],[-93.6684435,45.2107568],[-93.6684383,45.2107865],[-93.6683453,45.2107784],[-93.6683506,45.2107483],[-93.6682655,45.2107409],[-93.6682559,45.2107595],[-93.6681797,45.2107544],[-93.6681843,45.2107207],[-93.6681538,45.2107186],[-93.6681639,45.2106451],[-93.6682321,45.2106497],[-93.6682372,45.2106124],[-93.6682558,45.2104948],[-93.6682052,45.2104909],[-93.6682096,45.210463],[-93.6681839,45.2104609],[-93.6681897,45.210425],[-93.6682352,45.2104286],[-93.6682389,45.2104062],[-93.6682819,45.2104097],[-93.6682781,45.2104321],[-93.6684157,45.2104435],[-93.6684206,45.2104144],[-93.6684667,45.2104182],[-93.6684616,45.2104481],[-93.6685218,45.2104532],[-93.6685109,45.2105168],[-93.6684616,45.2105126],[-93.6684364,45.2106586],[-93.6685128,45.2106652],[-93.6684961,45.2107613]]]}},{"type":"Feature","id":"way/554302038","properties":{"kind":"building","osm_timestamp":"2018-01-19T17:06:23Z","building":"terrace","building:levels":"1"},"geometry":{"type":"Polygon","coordinates":[[[-93.6689592,45.2107893],[-93.6689066,45.2107847],[-93.6689014,45.2108144],[-93.6688084,45.2108064],[-93.6688137,45.2107762],[-93.6687286,45.2107689],[-93.668719,45.2107875],[-93.6686428,45.2107823],[-93.6686474,45.2107486],[-93.6686169,45.2107466],[-93.668627,45.210673],[-93.6686952,45.2106777],[-93.6687003,45.2106404],[-93.6687189,45.2105228],[-93.6686683,45.2105188],[-93.6686727,45.2104909],[-93.668647,45.2104888],[-93.6686528,45.2104529],[-93.6686983,45.2104566],[-93.668702,45.2104341],[-93.6687449,45.2104376],[-93.6687412,45.21046],[-93.6688788,45.2104714],[-93.6688837,45.2104423],[-93.6689298,45.2104462],[-93.6689247,45.210476],[-93.6689849,45.2104811],[-93.668974,45.2105447],[-93.6689247,45.2105405],[-93.6688995,45.2106866],[-93.6689759,45.2106931],[-93.6689592,45.2107893]]]}},{"type":"Feature","id":"way/554302039","properties":{"kind":"building","osm_timestamp":"2018-01-19T17:06:23Z","building":"terrace","building:levels":"1"},"geometry":{"type":"Polygon","coordinates":[[[-93.6694417,45.2108248],[-93.6693891,45.2108202],[-93.6693839,45.2108499],[-93.6692909,45.2108419],[-93.6692962,45.2108117],[-93.6692112,45.2108044],[-93.6692016,45.210823],[-93.6691253,45.2108178],[-93.6691299,45.2107842],[-93.6690994,45.2107821],[-93.6691095,45.2107085],[-93.6691777,45.2107132],[-93.6691828,45.2106759],[-93.6692014,45.2105583],[-93.6691508,45.2105543],[-93.6691552,45.2105264],[-93.6691295,45.2105244],[-93.6691353,45.2104884],[-93.6691808,45.2104921],[-93.6691845,45.2104696],[-93.6692275,45.2104731],[-93.6692238,45.2104955],[-93.6693613,45.2105069],[-93.6693662,45.2104778],[-93.6694123,45.2104817],[-93.6694072,45.2105116],[-93.6694674,45.2105167],[-93.6694565,45.2105802],[-93.6694072,45.210576],[-93.669382,45.2107221],[-93.6694584,45.2107286],[-93.6694417,45.2108248]]]}},{"type":"Feature","id":"way/554302040","properties":{"kind":"building","osm_timestamp":"2018-01-19T17:06:23Z","building":"terrace","building:levels":"1"},"geometry":{"type":"Polygon","coordinates":[[[-93.6684119,45.2112476],[-93.6683592,45.211243],[-93.668354,45.2112727],[-93.6682611,45.2112647],[-93.6682663,45.2112346],[-93.6681813,45.2112272],[-93.6681717,45.2112458],[-93.6680954,45.2112406],[-93.6681,45.211207],[-93.6680696,45.2112049],[-93.6680796,45.2111313],[-93.6681478,45.211136],[-93.6681529,45.2110987],[-93.6681715,45.2109811],[-93.6681209,45.2109771],[-93.6681254,45.2109492],[-93.6680997,45.2109472],[-93.6681055,45.2109112],[-93.668151,45.2109149],[-93.6681546,45.2108924],[-93.6681976,45.2108959],[-93.6681939,45.2109183],[-93.6683314,45.2109297],[-93.6683363,45.2109006],[-93.6683824,45.2109045],[-93.6683774,45.2109344],[-93.6684375,45.2109395],[-93.6684266,45.211003],[-93.6683773,45.2109988],[-93.6683521,45.2111449],[-93.6684285,45.2111515],[-93.6684119,45.2112476]]]}},{"type":"Feature","id":"way/554302041","properties":{"kind":"building","osm_timestamp":"2018-01-19T17:06:24Z","building":"terrace","building:levels":"1"},"geometry":{"type":"Polygon","coordinates":[[[-93.6688752,45.2112916],[-93.6688225,45.211287],[-93.6688174,45.2113167],[-93.6687244,45.2113087],[-93.6687296,45.2112785],[-93.6686446,45.2112712],[-93.668635,45.2112898],[-93.6685588,45.2112846],[-93.6685634,45.2112509],[-93.6685329,45.2112489],[-93.6685429,45.2111753],[-93.6686112,45.21118],[-93.6686163,45.2111427],[-93.6686348,45.2110251],[-93.6685843,45.2110211],[-93.6685887,45.2109932],[-93.668563,45.2109911],[-93.6685688,45.2109552],[-93.6686143,45.2109589],[-93.6686179,45.2109364],[-93.6686609,45.2109399],[-93.6686572,45.2109623],[-93.6687948,45.2109737],[-93.6687996,45.2109446],[-93.6688458,45.2109485],[-93.6688407,45.2109784],[-93.6689008,45.2109834],[-93.66889,45.211047],[-93.6688406,45.2110428],[-93.6688154,45.2111889],[-93.6688918,45.2111954],[-93.6688752,45.2112916]]]}},{"type":"Feature","id":"way/554302042","properties":{"kind":"building","osm_timestamp":"2018-01-19T17:06:24Z","building":"terrace","building:levels":"1"},"geometry":{"type":"Polygon","coordinates":[[[-93.66991,45.2108654],[-93.6698577,45.2108591],[-93.6698505,45.2108885],[-93.6697582,45.2108773],[-93.6697655,45.2108474],[-93.6696811,45.2108371],[-93.6696702,45.2108553],[-93.6695944,45.2108475],[-93.6696014,45.210814],[-93.6695711,45.2108109],[-93.6695863,45.2107378],[-93.6696541,45.2107448],[-93.6696618,45.2107077],[-93.6696886,45.2105909],[-93.6696384,45.2105852],[-93.6696447,45.2105575],[-93.6696192,45.2105545],[-93.6696275,45.2105188],[-93.6696727,45.2105241],[-93.6696779,45.2105018],[-93.6697206,45.2105068],[-93.6697153,45.210529],[-93.6698519,45.2105452],[-93.6698588,45.2105163],[-93.6699046,45.2105217],[-93.6698975,45.2105514],[-93.6699572,45.2105586],[-93.6699419,45.2106217],[-93.6698929,45.2106158],[-93.6698575,45.2107608],[-93.6699333,45.21077],[-93.66991,45.2108654]]]}},{"type":"Feature","id":"way/554302043","properties":{"kind":"building","osm_timestamp":"2018-01-19T17:06:24Z","building":"terrace","building:levels":"1"},"geometry":{"type":"Polygon","coordinates":[[[-93.6693574,45.2112104],[-93.6690335,45.2111694],[-93.669057,45.2110772],[-93.6691222,45.2110855],[-93.6691498,45.2109769],[-93.6693132,45.2109975],[-93.6692878,45.2110973],[-93.6693832,45.2111094],[-93.6693574,45.2112104]]]}},{"type":"Feature","id":"way/554302044","properties":{"kind":"building","osm_timestamp":"2018-01-19T17:06:24Z","building":"terrace","building:levels":"1"},"geometry":{"type":"Polygon","coordinates":[[[-93.6698148,45.2112919],[-93.6694969,45.2112318],[-93.6695313,45.2111413],[-93.6695953,45.2111534],[-93.6696359,45.2110469],[-93.6697962,45.2110772],[-93.6697589,45.2111751],[-93.6698525,45.2111927],[-93.6698148,45.2112919]]]}},{"type":"Feature","id":"way/554302045","properties":{"kind":"land","osm_timestamp":"2018-01-19T17:06:24Z","landuse":"residential"},"geometry":{"type":"Polygon","coordinates":[[[-93.670122,45.2113269],[-93.670138,45.2110995],[-93.6699796,45.2110843],[-93.6698884,45.2110555],[-93.6697923,45.2110065],[-93.6689113,45.2109168],[-93.6680423,45.2108373],[-93.6680279,45.2107646],[-93.6681359,45.2107832],[-93.6687769,45.2108221],[-93.6692138,45.2108593],[-93.6696291,45.2109033],[-93.6698476,45.2109354],[-93.6699508,45.2109811],[-93.670042,45.2110132],[-93.6701692,45.2110115],[-93.6701524,45.2104213],[-93.6700684,45.2103147],[-93.6690578,45.2102809],[-93.6674613,45.2102166],[-93.6673989,45.2102454],[-93.6673454,45.2102907],[-93.6673342,45.2103301],[-93.6673319,45.2106798],[-93.6673568,45.2107834],[-93.6675452,45.2108457],[-93.6677307,45.2109221],[-93.6678449,45.2109844],[-93.6678963,45.2113283],[-93.6687659,45.2113953],[-93.6690773,45.2112702],[-93.670122,45.2113269]]]}},{"type":"Feature","id":"way/555003486","properties":{"kind":"building","osm_timestamp":"2018-01-22T23:33:03Z","building":"house"},"geometry":{"type":"Polygon","coordinates":[[[-93.6598979,45.2125674],[-93.6597625,45.212567],[-93.6597638,45.2123383],[-93.6598992,45.2123386],[-93.6598979,45.2125674]]]}},{"type":"Feature","id":"way/555003487","properties":{"kind":"building","osm_timestamp":"2018-01-22T23:33:03Z","building":"house"},"geometry":{"type":"Polygon","coordinates":[[[-93.6599271,45.2122462],[-93.6596904,45.2122437],[-93.659694,45.2120733],[-93.6598471,45.2120749],[-93.6598454,45.2121559],[-93.6599289,45.2121568],[-93.6599271,45.2122462]]]}},{"type":"Feature","id":"way/555003490","properties":{"kind":"building","osm_timestamp":"2018-01-22T23:33:03Z","building":"house"},"geometry":{"type":"Polygon","coordinates":[[[-93.6599158,45.2120327],[-93.659808,45.2120314],[-93.6598123,45.2118526],[-93.6599202,45.2118539],[-93.6599158,45.2120327]]]}},{"type":"Feature","id":"way/555003491","properties":{"kind":"building","osm_timestamp":"2018-01-22T23:33:03Z","building":"house"},"geometry":{"type":"Polygon","coordinates":[[[-93.6599338,45.211806],[-93.6597923,45.2118068],[-93.6597901,45.2116051],[-93.6599773,45.2116041],[-93.659978,45.2116689],[-93.6599323,45.2116691],[-93.6599338,45.211806]]]}},{"type":"Feature","id":"way/555003494","properties":{"kind":"building","osm_timestamp":"2018-01-22T23:33:03Z","building":"house"},"geometry":{"type":"Polygon","coordinates":[[[-93.6599183,45.2115284],[-93.6596884,45.2115248],[-93.6596912,45.2114356],[-93.6599211,45.2114392],[-93.6599183,45.2115284]]]}},{"type":"Feature","id":"way/555003495","properties":{"kind":"building","osm_timestamp":"2018-01-22T23:33:03Z","building":"house"},"geometry":{"type":"Polygon","coordinates":[[[-93.6607224,45.2115251],[-93.6606089,45.2115224],[-93.6606065,45.2115719],[-93.6605044,45.2115694],[-93.6605066,45.2115218],[-93.6604308,45.21152],[-93.6604339,45.211455],[-93.6607254,45.2114619],[-93.6607224,45.2115251]]]}},{"type":"Feature","id":"way/555003496","properties":{"kind":"building","osm_timestamp":"2018-01-22T23:33:03Z","building":"house"},"geometry":{"type":"Polygon","coordinates":[[[-93.6605303,45.2116222],[-93.6605293,45.2117377],[-93.6605659,45.2117378],[-93.6605653,45.2118026],[-93.6604027,45.2118019],[-93.6604042,45.2116216],[-93.6605303,45.2116222]]]}},{"type":"Feature","id":"way/555003497","properties":{"kind":"building","osm_timestamp":"2018-01-22T23:33:03Z","building":"house"},"geometry":{"type":"Polygon","coordinates":[[[-93.6605174,45.2120439],[-93.6604102,45.2120434],[-93.6604118,45.2118623],[-93.6605761,45.211863],[-93.6605754,45.2119438],[-93.6605183,45.2119436],[-93.6605174,45.2120439]]]}},{"type":"Feature","id":"way/555003498","properties":{"kind":"building","osm_timestamp":"2018-01-22T23:33:04Z","building":"house"},"geometry":{"type":"Polygon","coordinates":[[[-93.6605113,45.2122765],[-93.6603795,45.212277],[-93.660378,45.2120953],[-93.6604983,45.2120948],[-93.6604987,45.2121456],[-93.6605877,45.2121453],[-93.6605882,45.212216],[-93.6605108,45.2122163],[-93.6605113,45.2122765]]]}},{"type":"Feature","id":"way/555003499","properties":{"kind":"building","osm_timestamp":"2018-01-22T23:33:04Z","building":"house"},"geometry":{"type":"Polygon","coordinates":[[[-93.6605118,45.2125037],[-93.660373,45.2125035],[-93.6603736,45.212319],[-93.6605124,45.2123193],[-93.6605118,45.2125037]]]}},{"type":"Feature","id":"way/555003500","properties":{"kind":"building","osm_timestamp":"2018-01-22T23:33:04Z","building":"house"},"geometry":{"type":"Polygon","coordinates":[[[-93.6606775,45.2127288],[-93.6603553,45.2127257],[-93.6603587,45.2125541],[-93.6605308,45.2125557],[-93.6605291,45.2126416],[-93.6606791,45.2126431],[-93.6606775,45.2127288]]]}},{"type":"Feature","id":"way/555003501","properties":{"kind":"building","osm_timestamp":"2018-01-22T23:33:04Z","building":"house"},"geometry":{"type":"Polygon","coordinates":[[[-93.6611458,45.212741],[-93.6610151,45.2127429],[-93.6610117,45.2126265],[-93.6611423,45.2126246],[-93.6611458,45.212741]]]}},{"type":"Feature","id":"way/555003502","properties":{"kind":"building","osm_timestamp":"2018-01-22T23:33:04Z","building":"garage"},"geometry":{"type":"Polygon","coordinates":[[[-93.6610377,45.212615],[-93.6609307,45.212618],[-93.660928,45.21257],[-93.6610349,45.212567],[-93.6610377,45.212615]]]}},{"type":"Feature","id":"way/555003503","properties":{"kind":"building","osm_timestamp":"2018-01-22T23:33:04Z","building":"house"},"geometry":{"type":"Polygon","coordinates":[[[-93.6611551,45.2125368],[-93.6610153,45.2125347],[-93.6610211,45.2123477],[-93.6611609,45.2123498],[-93.6611551,45.2125368]]]}},{"type":"Feature","id":"way/555003504","properties":{"kind":"building","osm_timestamp":"2018-01-22T23:33:04Z","building":"house"},"geometry":{"type":"Polygon","coordinates":[[[-93.6611534,45.2122724],[-93.6610215,45.2122709],[-93.6610247,45.2121282],[-93.6611566,45.2121297],[-93.6611534,45.2122724]]]}},{"type":"Feature","id":"way/555003505","properties":{"kind":"building","osm_timestamp":"2018-01-22T23:33:04Z","building":"garage"},"geometry":{"type":"Polygon","coordinates":[[[-93.6611502,45.2120858],[-93.6610087,45.2120843],[-93.661011,45.2119752],[-93.6611525,45.2119767],[-93.6611502,45.2120858]]]}},{"type":"Feature","id":"way/555003506","properties":{"kind":"building","osm_timestamp":"2018-01-22T23:33:04Z","building":"house"},"geometry":{"type":"Polygon","coordinates":[[[-93.6611717,45.2119494],[-93.6609952,45.211949],[-93.6609963,45.2117033],[-93.6611083,45.2117036],[-93.6611078,45.211829],[-93.6611723,45.2118291],[-93.6611717,45.2119494]]]}},{"type":"Feature","id":"way/555003507","properties":{"kind":"building","osm_timestamp":"2018-01-22T23:33:04Z","building":"house"},"geometry":{"type":"Polygon","coordinates":[[[-93.6611739,45.21163],[-93.6610557,45.2116298],[-93.661056,45.2115249],[-93.6609482,45.2115248],[-93.6609483,45.2114586],[-93.6611744,45.2114589],[-93.6611739,45.21163]]]}},{"type":"Feature","id":"way/555003508","properties":{"kind":"building","osm_timestamp":"2018-01-22T23:33:04Z","building":"house"},"geometry":{"type":"Polygon","coordinates":[[[-93.6617422,45.2116327],[-93.6615866,45.2116347],[-93.6615815,45.2114334],[-93.661737,45.2114314],[-93.6617422,45.2116327]]]}},{"type":"Feature","id":"way/555003509","properties":{"kind":"building","osm_timestamp":"2018-01-22T23:33:04Z","building":"house"},"geometry":{"type":"Polygon","coordinates":[[[-93.6620632,45.2115609],[-93.6617893,45.2115642],[-93.6617868,45.2114596],[-93.6620608,45.2114564],[-93.6620632,45.2115609]]]}},{"type":"Feature","id":"way/555003510","properties":{"kind":"building","osm_timestamp":"2018-01-22T23:33:04Z","building":"house"},"geometry":{"type":"Polygon","coordinates":[[[-93.6622465,45.2115853],[-93.6621377,45.2115844],[-93.6621399,45.2114541],[-93.6622488,45.211455],[-93.6622465,45.2115853]]]}},{"type":"Feature","id":"way/555003511","properties":{"kind":"building","osm_timestamp":"2018-01-22T23:33:04Z","building":"garage"},"geometry":{"type":"Polygon","coordinates":[[[-93.6623217,45.2116607],[-93.6622362,45.211661],[-93.6622357,45.2115925],[-93.6623212,45.2115922],[-93.6623217,45.2116607]]]}},{"type":"Feature","id":"way/555003512","properties":{"kind":"building","osm_timestamp":"2018-01-22T23:33:04Z","building":"garage"},"geometry":{"type":"Polygon","coordinates":[[[-93.662485,45.2116699],[-93.6623922,45.2116682],[-93.6623951,45.2115902],[-93.6624879,45.2115919],[-93.662485,45.2116699]]]}},{"type":"Feature","id":"way/555003513","properties":{"kind":"building","osm_timestamp":"2018-01-22T23:33:04Z","building":"house"},"geometry":{"type":"Polygon","coordinates":[[[-93.662649,45.2115374],[-93.6624147,45.2115338],[-93.6624175,45.2114439],[-93.6626518,45.2114476],[-93.662649,45.2115374]]]}},{"type":"Feature","id":"way/555003514","properties":{"kind":"building","osm_timestamp":"2018-01-22T23:33:04Z","building":"terrace"},"geometry":{"type":"Polygon","coordinates":[[[-93.6626005,45.2121189],[-93.662374,45.2121185],[-93.662375,45.2117992],[-93.6625915,45.2117995],[-93.6625912,45.2118768],[-93.662531,45.2118767],[-93.6625308,45.211922],[-93.6626085,45.2119221],[-93.6626083,45.2120034],[-93.6625267,45.2120033],[-93.6625265,45.212051],[-93.6626007,45.2120511],[-93.6626005,45.2121189]]]}},{"type":"Feature","id":"way/555003515","properties":{"kind":"building","osm_timestamp":"2018-01-22T23:33:04Z","building":"house"},"geometry":{"type":"Polygon","coordinates":[[[-93.6617537,45.2120721],[-93.6616315,45.2120719],[-93.6616322,45.2118644],[-93.6617543,45.2118645],[-93.6617537,45.2120721]]]}},{"type":"Feature","id":"way/555003516","properties":{"kind":"building","osm_timestamp":"2018-01-22T23:33:05Z","building":"house"},"geometry":{"type":"Polygon","coordinates":[[[-93.6625772,45.212332],[-93.6624451,45.2123327],[-93.6624443,45.2122672],[-93.6623963,45.2122675],[-93.6623956,45.2122038],[-93.662441,45.2122035],[-93.6624406,45.2121672],[-93.6625753,45.2121664],[-93.6625772,45.212332]]]}},{"type":"Feature","id":"way/555003517","properties":{"kind":"building","osm_timestamp":"2018-01-22T23:33:05Z","building":"house"},"geometry":{"type":"Polygon","coordinates":[[[-93.6625845,45.2124778],[-93.6624465,45.2124751],[-93.6624506,45.2123747],[-93.6625886,45.2123775],[-93.6625845,45.2124778]]]}},{"type":"Feature","id":"way/555003518","properties":{"kind":"building","osm_timestamp":"2018-01-22T23:33:05Z","building":"garage"},"geometry":{"type":"Polygon","coordinates":[[[-93.6624999,45.2125629],[-93.6623469,45.2125592],[-93.6623506,45.2124825],[-93.6625035,45.2124862],[-93.6624999,45.2125629]]]}},{"type":"Feature","id":"way/555003519","properties":{"kind":"building","osm_timestamp":"2018-01-22T23:33:05Z","building":"house"},"geometry":{"type":"Polygon","coordinates":[[[-93.6625713,45.2127427],[-93.6624302,45.2127411],[-93.6624341,45.2125687],[-93.6625752,45.2125703],[-93.6625713,45.2127427]]]}},{"type":"Feature","id":"way/555003520","properties":{"kind":"building","osm_timestamp":"2018-01-22T23:33:05Z","building":"house"},"geometry":{"type":"Polygon","coordinates":[[[-93.6621913,45.2127182],[-93.6620859,45.2127191],[-93.6620837,45.2125976],[-93.6621891,45.2125967],[-93.6621913,45.2127182]]]}},{"type":"Feature","id":"way/555003521","properties":{"kind":"building","osm_timestamp":"2018-01-22T23:33:05Z","building":"garage"},"geometry":{"type":"Polygon","coordinates":[[[-93.6620056,45.212742],[-93.6618972,45.2127412],[-93.6618975,45.2126296],[-93.6620072,45.2126312],[-93.6620056,45.212742]]]}},{"type":"Feature","id":"way/555003522","properties":{"kind":"building","osm_timestamp":"2018-01-22T23:33:05Z","building":"house"},"geometry":{"type":"Polygon","coordinates":[[[-93.6617284,45.2123158],[-93.6615988,45.2123122],[-93.6616077,45.2121547],[-93.6617373,45.2121584],[-93.6617284,45.2123158]]]}},{"type":"Feature","id":"way/555003523","properties":{"kind":"building","osm_timestamp":"2018-01-22T23:33:05Z","building":"house"},"geometry":{"type":"Polygon","coordinates":[[[-93.6616806,45.212539],[-93.6615555,45.212537],[-93.6615606,45.2123784],[-93.6616857,45.2123804],[-93.6616806,45.212539]]]}},{"type":"Feature","id":"way/555003524","properties":{"kind":"building","osm_timestamp":"2018-01-22T23:33:05Z","building":"house"},"geometry":{"type":"Polygon","coordinates":[[[-93.6617036,45.2127038],[-93.6615691,45.2127018],[-93.6615725,45.2125864],[-93.661707,45.2125884],[-93.6617036,45.2127038]]]}},{"type":"Feature","id":"way/555003525","properties":{"kind":"land","osm_timestamp":"2018-01-22T23:33:05Z","leisure":"swimming_pool"},"geometry":{"type":"Polygon","coordinates":[[[-93.6618981,45.2125822],[-93.6618975,45.2126296],[-93.6617806,45.2126288],[-93.6617812,45.2125814],[-93.6618981,45.2125822]]]}},{"type":"Feature","id":"way/555003526","properties":{"kind":"building","osm_timestamp":"2018-01-22T23:33:05Z","building":"shed"},"geometry":{"type":"Polygon","coordinates":[[[-93.6641692,45.2119351],[-93.6633527,45.2119315],[-93.6633537,45.2118118],[-93.6641702,45.2118154],[-93.6641692,45.2119351]]]}},{"type":"Feature","id":"way/555003527","properties":{"kind":"building","osm_timestamp":"2018-01-22T23:33:05Z","building":"house"},"geometry":{"type":"Polygon","coordinates":[[[-93.6632008,45.2116167],[-93.6630087,45.2116141],[-93.663012,45.211495],[-93.6632041,45.2114977],[-93.6632008,45.2116167]]]}},{"type":"Feature","id":"way/555003528","properties":{"kind":"building","osm_timestamp":"2018-01-22T23:33:05Z","building":"house"},"geometry":{"type":"Polygon","coordinates":[[[-93.6631608,45.2120898],[-93.6630488,45.2120896],[-93.6630494,45.2119189],[-93.6631614,45.2119191],[-93.6631608,45.2120898]]]}},{"type":"Feature","id":"way/555003529","properties":{"kind":"building","osm_timestamp":"2018-01-22T23:33:05Z","building":"house"},"geometry":{"type":"Polygon","coordinates":[[[-93.6635165,45.2116261],[-93.6634051,45.211624],[-93.66341,45.2114974],[-93.6635214,45.2114995],[-93.6635165,45.2116261]]]}},{"type":"Feature","id":"way/555003530","properties":{"kind":"building","osm_timestamp":"2018-01-22T23:33:05Z","building":"house"},"geometry":{"type":"Polygon","coordinates":[[[-93.6639125,45.211587],[-93.6638508,45.2115856],[-93.6638491,45.2116238],[-93.6637411,45.2116214],[-93.6637463,45.2115084],[-93.6639159,45.2115123],[-93.6639125,45.211587]]]}},{"type":"Feature","id":"way/555003531","properties":{"kind":"building","osm_timestamp":"2018-01-22T23:33:05Z","building":"house"},"geometry":{"type":"Polygon","coordinates":[[[-93.6643996,45.2115987],[-93.6642714,45.2115947],[-93.664279,45.2114737],[-93.6644072,45.2114777],[-93.6643996,45.2115987]]]}},{"type":"Feature","id":"way/555003532","properties":{"kind":"building","osm_timestamp":"2018-01-22T23:33:05Z","building":"house"},"geometry":{"type":"Polygon","coordinates":[[[-93.6644301,45.2118861],[-93.6643727,45.2118843],[-93.6643705,45.2119199],[-93.6642436,45.211916],[-93.6642464,45.2118707],[-93.6641917,45.211869],[-93.6641955,45.2118077],[-93.6644345,45.211815],[-93.6644301,45.2118861]]]}},{"type":"Feature","id":"way/555003533","properties":{"kind":"building","osm_timestamp":"2018-01-22T23:33:06Z","building":"garage"},"geometry":{"type":"Polygon","coordinates":[[[-93.6639315,45.2120971],[-93.6639268,45.2122019],[-93.6637702,45.2121983],[-93.6637749,45.2120936],[-93.6639315,45.2120971]]]}},{"type":"Feature","id":"way/555003534","properties":{"kind":"building","osm_timestamp":"2018-01-22T23:33:06Z","building":"house"},"geometry":{"type":"Polygon","coordinates":[[[-93.6643873,45.2120873],[-93.6642495,45.2120832],[-93.6642474,45.2121199],[-93.6640972,45.2121155],[-93.6641025,45.2120245],[-93.6642052,45.2120275],[-93.6642071,45.2119952],[-93.6643924,45.2120006],[-93.6643873,45.2120873]]]}},{"type":"Feature","id":"way/555003535","properties":{"kind":"building","osm_timestamp":"2018-01-22T23:33:06Z","building":"house"},"geometry":{"type":"Polygon","coordinates":[[[-93.6644145,45.2122806],[-93.6644164,45.212428],[-93.6642608,45.212429],[-93.6642599,45.2123665],[-93.6641676,45.2123671],[-93.6641665,45.2122822],[-93.6644145,45.2122806]]]}},{"type":"Feature","id":"way/555003536","properties":{"kind":"building","osm_timestamp":"2018-01-22T23:33:06Z","building":"terrace"},"geometry":{"type":"Polygon","coordinates":[[[-93.6637002,45.2123824],[-93.6636533,45.2123818],[-93.6636522,45.2124221],[-93.6634769,45.2124198],[-93.6634826,45.2122116],[-93.6636423,45.2122137],[-93.6636408,45.2122683],[-93.6637033,45.2122692],[-93.6637002,45.2123824]]]}},{"type":"Feature","id":"way/555003537","properties":{"kind":"building","osm_timestamp":"2018-01-22T23:33:06Z","building":"terrace"},"geometry":{"type":"Polygon","coordinates":[[[-93.6643945,45.2127756],[-93.6642086,45.2127746],[-93.6642107,45.2125851],[-93.6643966,45.2125861],[-93.6643945,45.2127756]]]}},{"type":"Feature","id":"way/555003538","properties":{"kind":"building","osm_timestamp":"2018-01-22T23:33:06Z","building":"terrace"},"geometry":{"type":"Polygon","coordinates":[[[-93.664095,45.2127629],[-93.6639095,45.2127635],[-93.6639085,45.2125853],[-93.664094,45.2125848],[-93.664095,45.2127629]]]}},{"type":"Feature","id":"way/555003539","properties":{"kind":"building","osm_timestamp":"2018-01-22T23:33:06Z","building":"house"},"geometry":{"type":"Polygon","coordinates":[[[-93.6631746,45.2127495],[-93.6630159,45.2127447],[-93.6630249,45.2125998],[-93.6631835,45.2126047],[-93.6631746,45.2127495]]]}},{"type":"Feature","id":"way/555003540","properties":{"kind":"building","osm_timestamp":"2018-01-22T23:33:06Z","building":"house"},"geometry":{"type":"Polygon","coordinates":[[[-93.6631574,45.2125549],[-93.6630432,45.2125559],[-93.6630402,45.2123902],[-93.6631544,45.2123892],[-93.6631574,45.2125549]]]}},{"type":"Feature","id":"way/555003541","properties":{"kind":"building","osm_timestamp":"2018-01-22T23:33:06Z","building":"garage"},"geometry":{"type":"Polygon","coordinates":[[[-93.6635514,45.2126579],[-93.6634382,45.2126579],[-93.6634382,45.2125707],[-93.6635514,45.2125707],[-93.6635514,45.2126579]]]}},{"type":"Feature","id":"way/555004151","properties":{"kind":"land","osm_timestamp":"2018-01-22T23:39:36Z","landuse":"residential"},"geometry":{"type":"Polygon","coordinates":[[[-93.6644225,45.2137142],[-93.6642723,45.2137237],[-93.6638592,45.2137161],[-93.6638083,45.2136216],[-93.6637761,45.2135291],[-93.6637332,45.2133987],[-93.6636956,45.2131682],[-93.6637224,45.2130094],[-93.6637627,45.2128998],[-93.6638109,45.2128167],[-93.6638163,45.2127166],[-93.6638512,45.2125049],[-93.66387,45.2122272],[-93.6637895,45.2122272],[-93.6637975,45.2124142],[-93.6637653,45.2124671],[-93.6637171,45.2125673],[-93.6637198,45.2127751],[-93.663642,45.212898],[-93.6636151,45.2130434],[-93.6636125,45.2132702],[-93.6636446,45.2134478],[-93.6636205,45.213478],[-93.663363,45.2135385],[-93.6631538,45.2135857],[-93.662907,45.2136027],[-93.6627488,45.2135933],[-93.6620058,45.2136746],[-93.66203,45.213735],[-93.6627193,45.2136575],[-93.6628454,45.2136594],[-93.6631136,45.2136538],[-93.6633228,45.2136179],[-93.6636017,45.2135574],[-93.6636661,45.2135517],[-93.6637117,45.2136027],[-93.6637171,45.2136424],[-93.6636876,45.2137105],[-93.6635669,45.2137086],[-93.6630331,45.2136897],[-93.6628239,45.2137161],[-93.6624001,45.2138616],[-93.662207,45.2139296],[-93.6621158,45.2138503],[-93.6620461,45.213769],[-93.6619066,45.2137142],[-93.6617081,45.2136878],[-93.6601658,45.2136689],[-93.6601605,45.213599],[-93.6602061,45.2135177],[-93.6602275,45.2133477],[-93.6602195,45.2128639],[-93.6633469,45.2128658],[-93.6633416,45.2127751],[-93.6628641,45.212777],[-93.6628963,45.2120042],[-93.6629124,45.2114505],[-93.6629982,45.2114316],[-93.6644574,45.2114373],[-93.6645566,45.2114562],[-93.6645432,45.2128375],[-93.6641114,45.212845],[-93.6641006,45.2133949],[-93.6644869,45.2133968],[-93.6644895,45.2135328],[-93.6644708,45.2136405],[-93.6644225,45.2137142]]]}},{"type":"Feature","id":"way/555004152","properties":{"kind":"land","osm_timestamp":"2018-01-22T23:39:36Z","landuse":"commercial"},"geometry":{"type":"Polygon","coordinates":[[[-93.6644869,45.2133968],[-93.6645003,45.2133382],[-93.6645246,45.2132812],[-93.6645405,45.2129225],[-93.6645432,45.2128375],[-93.6641114,45.212845],[-93.6641006,45.2133949],[-93.6644869,45.2133968]]]}},{"type":"Feature","id":"way/555004154","properties":{"kind":"land","osm_timestamp":"2018-01-22T23:39:36Z","landuse":"residential"},"geometry":{"type":"Polygon","coordinates":[[[-93.6600344,45.213667],[-93.6589991,45.2136632],[-93.6590286,45.212299],[-93.6590473,45.2113485],[-93.660131,45.2113466],[-93.6600719,45.2123254],[-93.6600612,45.2135007],[-93.6600344,45.213667]]]}},{"type":"Feature","id":"way/555004156","properties":{"kind":"land","osm_timestamp":"2018-01-22T23:39:36Z","landuse":"residential"},"geometry":{"type":"Polygon","coordinates":[[[-93.6613058,45.2127732],[-93.6602114,45.2127732],[-93.6602624,45.2113428],[-93.6613353,45.2113561],[-93.6613058,45.2127732]]]}},{"type":"Feature","id":"way/555004157","properties":{"kind":"land","osm_timestamp":"2018-01-22T23:39:36Z","landuse":"residential"},"geometry":{"type":"Polygon","coordinates":[[[-93.6614855,45.2113561],[-93.6614426,45.2127751],[-93.6627381,45.212777],[-93.6627381,45.2115186],[-93.6627568,45.211443],[-93.6627783,45.2114052],[-93.662781,45.2113806],[-93.6627515,45.2113636],[-93.6626415,45.2113561],[-93.6614855,45.2113561]]]}},{"type":"Feature","id":"way/555278946","properties":{"kind":"building","osm_timestamp":"2018-01-23T20:07:43Z","building":"house"},"geometry":{"type":"Polygon","coordinates":[[[-93.6688642,45.212881],[-93.6687424,45.212912],[-93.6687098,45.2128483],[-93.6687431,45.2128399],[-93.6687085,45.2127724],[-93.6688725,45.2127308],[-93.668908,45.2128001],[-93.6688326,45.2128193],[-93.6688642,45.212881]]]}},{"type":"Feature","id":"way/555278948","properties":{"kind":"building","osm_timestamp":"2018-01-23T20:07:43Z","building":"house"},"geometry":{"type":"Polygon","coordinates":[[[-93.669199,45.212825],[-93.6690795,45.2128275],[-93.6690737,45.2126924],[-93.6692676,45.2126883],[-93.6692708,45.212764],[-93.6691964,45.2127656],[-93.669199,45.212825]]]}},{"type":"Feature","id":"way/555278950","properties":{"kind":"building","osm_timestamp":"2018-01-23T20:07:43Z","building":"house"},"geometry":{"type":"Polygon","coordinates":[[[-93.6695327,45.2128228],[-93.6694226,45.2128212],[-93.669427,45.2126747],[-93.6696028,45.2126773],[-93.6696003,45.2127628],[-93.6695345,45.2127618],[-93.6695327,45.2128228]]]}},{"type":"Feature","id":"way/555300171","properties":{"kind":"land","osm_timestamp":"2018-01-23T22:03:28Z","landuse":"residential"},"geometry":{"type":"Polygon","coordinates":[[[-93.6649196,45.2134014],[-93.6649074,45.2134945],[-93.6649074,45.2136458],[-93.6649541,45.2136853],[-93.666808,45.213682],[-93.6672704,45.2136359],[-93.667658,45.213557],[-93.6680363,45.2133958],[-93.6684752,45.2131063],[-93.6687041,45.2130043],[-93.6689656,45.2129188],[-93.6692505,45.2128727],[-93.6697081,45.2128628],[-93.6697268,45.2126391],[-93.6697828,45.212524],[-93.6697278,45.2125193],[-93.6690948,45.2125722],[-93.6685262,45.2126553],[-93.6681722,45.2128518],[-93.6676679,45.2131617],[-93.6672388,45.2132977],[-93.6666809,45.2133507],[-93.6649196,45.2134014]]]}},{"type":"Feature","id":"way/555300172","properties":{"kind":"land","osm_timestamp":"2018-01-23T22:03:28Z","landuse":"residential"},"geometry":{"type":"Polygon","coordinates":[[[-93.6700577,45.2124475],[-93.669993,45.2125404],[-93.6699276,45.2128562],[-93.669965,45.2129089],[-93.6701097,45.2129319],[-93.6711745,45.2129122],[-93.6719264,45.2128464],[-93.6725381,45.2127444],[-93.6743781,45.2123068],[-93.6742603,45.2118796],[-93.6741374,45.2118982],[-93.6724108,45.2122498],[-93.6714922,45.2124115],[-93.6709706,45.2124655],[-93.6700577,45.2124475]]]}},{"type":"Feature","id":"way/557499552","properties":{"kind":"building","osm_timestamp":"2018-01-31T22:45:09Z","building":"shed"},"geometry":{"type":"Polygon","coordinates":[[[-93.6596829,45.2086537],[-93.6596829,45.2087034],[-93.6593812,45.2087034],[-93.6593812,45.2086537],[-93.6596829,45.2086537]]]}},{"type":"Feature","id":"way/557499554","properties":{"kind":"building","osm_timestamp":"2018-01-31T22:45:09Z","building":"shed"},"geometry":{"type":"Polygon","coordinates":[[[-93.6599698,45.2087322],[-93.6598178,45.2087344],[-93.6598102,45.2084807],[-93.6599622,45.2084784],[-93.6599698,45.2087322]]]}},{"type":"Feature","id":"way/557499556","properties":{"kind":"building","osm_timestamp":"2018-01-31T22:45:09Z","building":"shed"},"geometry":{"type":"Polygon","coordinates":[[[-93.6601777,45.208466],[-93.6600083,45.2084679],[-93.6600065,45.2083887],[-93.6601759,45.2083867],[-93.6601777,45.208466]]]}},{"type":"Feature","id":"way/557499559","properties":{"kind":"building","osm_timestamp":"2018-01-31T22:45:09Z","building":"shed"},"geometry":{"type":"Polygon","coordinates":[[[-93.6604425,45.2084464],[-93.6604395,45.2085071],[-93.6603054,45.2085037],[-93.6603084,45.2084431],[-93.6604425,45.2084464]]]}},{"type":"Feature","id":"way/557499720","properties":{"kind":"land","osm_timestamp":"2026-05-11T14:12:13Z","landuse":"residential"},"geometry":{"type":"Polygon","coordinates":[[[-93.6618796,45.203535],[-93.6614261,45.2032934],[-93.6611943,45.203471],[-93.660987,45.2036142],[-93.6608122,45.2038032],[-93.6604707,45.2041412],[-93.6602255,45.2044823],[-93.6598846,45.204784],[-93.6596854,45.2051005],[-93.6595147,45.2054772],[-93.6593297,45.2059298],[-93.6591616,45.2059143],[-93.6592795,45.2056078],[-93.6592023,45.2055735],[-93.6588364,45.205499],[-93.6588648,45.205393],[-93.6592714,45.2054789],[-93.6593242,45.205456],[-93.6593527,45.2053615],[-93.6595031,45.2050149],[-93.6596373,45.2048029],[-93.6599015,45.204505],[-93.6597389,45.2044105],[-93.6594502,45.2042845],[-93.659247,45.2042386],[-93.6589583,45.2041957],[-93.6587103,45.2041699],[-93.6584257,45.2042157],[-93.6581371,45.2042931],[-93.6578322,45.2043647],[-93.6576005,45.2043704],[-93.6573647,45.2043446],[-93.6568402,45.2042358],[-93.6566898,45.2045623],[-93.6565638,45.2048029],[-93.6564337,45.2050034],[-93.6562141,45.2051896],[-93.6560068,45.2053414],[-93.6554661,45.2056737],[-93.6553807,45.2057797],[-93.6553482,45.2059029],[-93.6553116,45.2067421],[-93.6552872,45.2077847],[-93.6558157,45.2077876],[-93.6558198,45.2078821],[-93.6552831,45.2078735],[-93.6552709,45.2088015],[-93.6588608,45.208919],[-93.6588892,45.2084034],[-93.6590724,45.2084034],[-93.6590792,45.2082901],[-93.6558579,45.2081913],[-93.6558905,45.2062036],[-93.6560268,45.2059412],[-93.6562539,45.2057619],[-93.6566264,45.2055571],[-93.657021,45.2052154],[-93.6572721,45.2046397],[-93.657781,45.2046444],[-93.6583335,45.2045737],[-93.6586315,45.2045996],[-93.6588391,45.2047105],[-93.6589429,45.2049087],[-93.6588391,45.2051611],[-93.6585901,45.2058434],[-93.6592282,45.2061176],[-93.6594157,45.2058728],[-93.6595935,45.2059121],[-93.6596954,45.2059121],[-93.6602958,45.2048967],[-93.6604979,45.2047136],[-93.6609723,45.204538],[-93.6611314,45.204025],[-93.6617168,45.2037214],[-93.6618796,45.203535]]]}},{"type":"Feature","id":"way/557502737","properties":{"kind":"road","osm_timestamp":"2026-06-27T22:32:06Z","highway":"cycleway","width":"1","surface":"concrete"},"geometry":{"type":"LineString","coordinates":[[-93.6649896,45.2087333],[-93.6649612,45.2086719],[-93.664951,45.2086144],[-93.664946,45.2084963],[-93.6649122,45.2081999],[-93.6649202,45.207543],[-93.6649231,45.207244],[-93.6648969,45.2071904],[-93.6648985,45.2071204],[-93.6648984,45.206929],[-93.6649076,45.2066547],[-93.6648993,45.2063919],[-93.6649112,45.2061291],[-93.6649087,45.2057981],[-93.6649123,45.2057189],[-93.6649058,45.2055201],[-93.6648912,45.2053835],[-93.6649111,45.2052672],[-93.66491,45.2050731],[-93.6649187,45.204597],[-93.6648237,45.2045955],[-93.6647134,45.2045986]]}},{"type":"Feature","id":"way/557502747","properties":{"kind":"land","osm_timestamp":"2018-01-31T23:11:09Z","natural":"grassland"},"geometry":{"type":"Polygon","coordinates":[[[-93.6622399,45.2088053],[-93.6620427,45.2088618],[-93.6618517,45.2089312],[-93.6615559,45.2090723],[-93.6614635,45.209018],[-93.6613556,45.2089182],[-93.6613063,45.2088683],[-93.6613803,45.2087706],[-93.6615898,45.2087662],[-93.6622368,45.2087511],[-93.6622399,45.2088053]]]}},{"type":"Feature","id":"way/557502748","properties":{"kind":"land","osm_timestamp":"2018-01-31T23:11:09Z","natural":"wood"},"geometry":{"type":"Polygon","coordinates":[[[-93.6623339,45.2083347],[-93.6619905,45.2083347],[-93.6620013,45.207832],[-93.6622963,45.207832],[-93.6623339,45.2083347]]]}},{"type":"Feature","id":"way/557684619","properties":{"kind":"building","osm_timestamp":"2018-02-01T15:30:16Z","building":"garage"},"geometry":{"type":"Polygon","coordinates":[[[-93.6611778,45.2083167],[-93.6610505,45.2083167],[-93.6610505,45.2082402],[-93.6611778,45.2082402],[-93.6611778,45.2083167]]]}},{"type":"Feature","id":"way/557684620","properties":{"kind":"building","osm_timestamp":"2018-02-01T15:30:16Z","building":"house"},"geometry":{"type":"Polygon","coordinates":[[[-93.6611972,45.2083663],[-93.6611991,45.2084897],[-93.6610626,45.2084908],[-93.6610606,45.2083674],[-93.6611972,45.2083663]]]}},{"type":"Feature","id":"way/557684621","properties":{"kind":"building","osm_timestamp":"2018-02-01T15:30:16Z","building":"house"},"geometry":{"type":"Polygon","coordinates":[[[-93.6612463,45.2081816],[-93.6611115,45.2081808],[-93.6611133,45.2080397],[-93.6610078,45.2080391],[-93.6610088,45.2079616],[-93.661249,45.2079631],[-93.6612463,45.2081816]]]}},{"type":"Feature","id":"way/557684622","properties":{"kind":"building","osm_timestamp":"2018-02-01T15:30:16Z","building":"house"},"geometry":{"type":"Polygon","coordinates":[[[-93.6613032,45.2079141],[-93.6611071,45.2079158],[-93.6611054,45.20782],[-93.6613015,45.2078182],[-93.6613032,45.2079141]]]}},{"type":"Feature","id":"way/557684623","properties":{"kind":"building","osm_timestamp":"2018-02-01T15:30:16Z","building":"garage"},"geometry":{"type":"Polygon","coordinates":[[[-93.6611092,45.2077857],[-93.6610007,45.2077859],[-93.6610004,45.2077164],[-93.661109,45.2077162],[-93.6611092,45.2077857]]]}},{"type":"Feature","id":"way/557684624","properties":{"kind":"building","osm_timestamp":"2018-02-01T15:30:16Z","building":"house"},"geometry":{"type":"Polygon","coordinates":[[[-93.661255,45.2073991],[-93.6610977,45.2073958],[-93.661095,45.2074621],[-93.6609692,45.2074595],[-93.6609763,45.2072887],[-93.6612593,45.2072945],[-93.661255,45.2073991]]]}},{"type":"Feature","id":"way/557684625","properties":{"kind":"building","osm_timestamp":"2018-02-01T15:30:16Z","building":"house"},"geometry":{"type":"Polygon","coordinates":[[[-93.6619245,45.2072718],[-93.6619218,45.207362],[-93.6616271,45.2073577],[-93.6616298,45.2072675],[-93.6619245,45.2072718]]]}},{"type":"Feature","id":"way/557684626","properties":{"kind":"building","osm_timestamp":"2018-02-01T15:30:16Z","building":"house"},"geometry":{"type":"Polygon","coordinates":[[[-93.66238,45.2073747],[-93.6620718,45.2073694],[-93.6620743,45.2072942],[-93.662177,45.2072959],[-93.6621782,45.2072638],[-93.6623187,45.2072661],[-93.6623172,45.2073116],[-93.6623821,45.2073127],[-93.66238,45.2073747]]]}},{"type":"Feature","id":"way/557684627","properties":{"kind":"building","osm_timestamp":"2018-02-01T15:30:17Z","building":"garage"},"geometry":{"type":"Polygon","coordinates":[[[-93.6625659,45.2073659],[-93.6624761,45.2073657],[-93.6624765,45.207288],[-93.6625663,45.2072882],[-93.6625659,45.2073659]]]}},{"type":"Feature","id":"way/557684628","properties":{"kind":"building","osm_timestamp":"2018-02-01T15:30:17Z","building":"house"},"geometry":{"type":"Polygon","coordinates":[[[-93.6627569,45.2073696],[-93.6626156,45.2073687],[-93.6626166,45.2072955],[-93.6627579,45.2072964],[-93.6627569,45.2073696]]]}},{"type":"Feature","id":"way/557684629","properties":{"kind":"building","osm_timestamp":"2018-02-01T15:30:17Z","building":"garage"},"geometry":{"type":"Polygon","coordinates":[[[-93.6627705,45.2077095],[-93.6627698,45.2077678],[-93.6626549,45.2077671],[-93.6626556,45.2077088],[-93.6627705,45.2077095]]]}},{"type":"Feature","id":"way/557684630","properties":{"kind":"building","osm_timestamp":"2018-02-01T15:30:17Z","building":"house"},"geometry":{"type":"Polygon","coordinates":[[[-93.6627806,45.2076668],[-93.6626334,45.207667],[-93.6626332,45.2075745],[-93.6627803,45.2075743],[-93.6627806,45.2076668]]]}},{"type":"Feature","id":"way/557684631","properties":{"kind":"building","osm_timestamp":"2018-02-01T15:30:17Z","building":"house"},"geometry":{"type":"Polygon","coordinates":[[[-93.6627208,45.2079883],[-93.6625758,45.2079897],[-93.6625734,45.2078649],[-93.662539,45.2078652],[-93.6625377,45.2078009],[-93.6626471,45.2077998],[-93.6626484,45.207863],[-93.6627183,45.2078623],[-93.6627208,45.2079883]]]}},{"type":"Feature","id":"way/557684632","properties":{"kind":"building","osm_timestamp":"2018-02-01T15:30:17Z","building":"house"},"geometry":{"type":"Polygon","coordinates":[[[-93.6627036,45.2081646],[-93.662566,45.2081661],[-93.6625629,45.2080201],[-93.6627004,45.2080187],[-93.6627036,45.2081646]]]}},{"type":"Feature","id":"way/557684633","properties":{"kind":"building","osm_timestamp":"2018-02-01T15:30:17Z","building":"garage"},"geometry":{"type":"Polygon","coordinates":[[[-93.6627089,45.2083706],[-93.6627107,45.2084187],[-93.6626051,45.2084207],[-93.6626032,45.2083726],[-93.6627089,45.2083706]]]}},{"type":"Feature","id":"way/557684634","properties":{"kind":"building","osm_timestamp":"2018-02-01T15:30:17Z","building":"house"},"geometry":{"type":"Polygon","coordinates":[[[-93.6627657,45.2083095],[-93.6626233,45.2083124],[-93.6626198,45.2082281],[-93.6627623,45.2082252],[-93.6627657,45.2083095]]]}},{"type":"Feature","id":"way/557684635","properties":{"kind":"building","osm_timestamp":"2018-02-01T15:30:17Z","building":"garage"},"geometry":{"type":"Polygon","coordinates":[[[-93.6626718,45.2085785],[-93.662673,45.2086529],[-93.6625615,45.2086538],[-93.6625603,45.2085793],[-93.6626718,45.2085785]]]}},{"type":"Feature","id":"way/557684636","properties":{"kind":"building","osm_timestamp":"2018-02-01T15:30:17Z","building":"house"},"geometry":{"type":"Polygon","coordinates":[[[-93.6625281,45.2084437],[-93.6625283,45.2085239],[-93.6623439,45.2085241],[-93.6623437,45.2084439],[-93.6625281,45.2084437]]]}},{"type":"Feature","id":"way/557684637","properties":{"kind":"building","osm_timestamp":"2018-02-01T15:30:17Z","building":"garage"},"geometry":{"type":"Polygon","coordinates":[[[-93.6621589,45.2085062],[-93.6620422,45.2085072],[-93.6620407,45.2084204],[-93.6621574,45.2084194],[-93.6621589,45.2085062]]]}},{"type":"Feature","id":"way/557684638","properties":{"kind":"building","osm_timestamp":"2018-02-01T15:30:17Z","building":"house"},"geometry":{"type":"Polygon","coordinates":[[[-93.6621031,45.2085671],[-93.6621047,45.2086424],[-93.661932,45.2086442],[-93.6619304,45.2085688],[-93.6621031,45.2085671]]]}},{"type":"Feature","id":"way/557684639","properties":{"kind":"building","osm_timestamp":"2018-02-01T15:30:17Z","building":"house"},"geometry":{"type":"Polygon","coordinates":[[[-93.6617593,45.2083908],[-93.6616246,45.2083902],[-93.661626,45.2082492],[-93.6617607,45.2082498],[-93.6617593,45.2083908]]]}},{"type":"Feature","id":"way/557684640","properties":{"kind":"building","osm_timestamp":"2018-02-01T15:30:17Z","building":"garage"},"geometry":{"type":"Polygon","coordinates":[[[-93.6617923,45.2082508],[-93.6618749,45.2082462],[-93.6618681,45.2081863],[-93.6617855,45.208191],[-93.6617923,45.2082508]]]}},{"type":"Feature","id":"way/557684641","properties":{"kind":"building","osm_timestamp":"2018-02-01T15:30:17Z","building":"house"},"geometry":{"type":"Polygon","coordinates":[[[-93.6617457,45.2081543],[-93.6615543,45.2081478],[-93.6615595,45.2080717],[-93.6617509,45.2080783],[-93.6617457,45.2081543]]]}},{"type":"Feature","id":"way/557684642","properties":{"kind":"building","osm_timestamp":"2018-02-01T15:30:17Z","building":"house"},"geometry":{"type":"Polygon","coordinates":[[[-93.6616695,45.2079357],[-93.6616699,45.2080342],[-93.661569,45.2080344],[-93.6615687,45.2079606],[-93.6616133,45.2079605],[-93.6616132,45.2079358],[-93.6616695,45.2079357]]]}},{"type":"Feature","id":"way/557684643","properties":{"kind":"building","osm_timestamp":"2018-02-01T15:30:17Z","building":"house"},"geometry":{"type":"Polygon","coordinates":[[[-93.6617142,45.2078878],[-93.6615771,45.2078873],[-93.6615775,45.2078219],[-93.6617147,45.2078224],[-93.6617142,45.2078878]]]}},{"type":"Feature","id":"way/557684644","properties":{"kind":"building","osm_timestamp":"2018-02-01T15:30:17Z","building":"garage"},"geometry":{"type":"Polygon","coordinates":[[[-93.6618899,45.2077714],[-93.6618899,45.2078199],[-93.661793,45.2078199],[-93.661793,45.2077714],[-93.6618899,45.2077714]]]}},{"type":"Feature","id":"way/557684645","properties":{"kind":"building","osm_timestamp":"2018-02-01T15:30:18Z","building":"house"},"geometry":{"type":"Polygon","coordinates":[[[-93.6617355,45.2077058],[-93.6615542,45.2077117],[-93.6615487,45.2076281],[-93.66173,45.2076221],[-93.6617355,45.2077058]]]}},{"type":"Feature","id":"way/557684646","properties":{"kind":"building","osm_timestamp":"2018-02-01T15:30:18Z","building":"house"},"geometry":{"type":"Polygon","coordinates":[[[-93.6620329,45.2075957],[-93.6620317,45.2076747],[-93.6618169,45.2076731],[-93.6618181,45.2075941],[-93.6620329,45.2075957]]]}},{"type":"Feature","id":"way/557684647","properties":{"kind":"building","osm_timestamp":"2018-02-01T15:30:18Z","building":"garage"},"geometry":{"type":"Polygon","coordinates":[[[-93.6621823,45.2076831],[-93.6621806,45.2077623],[-93.6620575,45.2077611],[-93.6620591,45.2076818],[-93.6621823,45.2076831]]]}},{"type":"Feature","id":"way/557684648","properties":{"kind":"building","osm_timestamp":"2018-02-01T15:30:18Z","building":"house"},"geometry":{"type":"Polygon","coordinates":[[[-93.6634164,45.2085697],[-93.6634128,45.2086345],[-93.6632,45.2086287],[-93.6632065,45.2085101],[-93.6633162,45.208513],[-93.6633132,45.2085669],[-93.6634164,45.2085697]]]}},{"type":"Feature","id":"way/557684649","properties":{"kind":"building","osm_timestamp":"2024-07-12T22:45:08Z","name":"HomeGrown","building":"yes","amenity":"restaurant"},"geometry":{"type":"Polygon","coordinates":[[[-93.6641603,45.2084757],[-93.6641605,45.2085715],[-93.6637565,45.2085719],[-93.6637564,45.208476],[-93.6641603,45.2084757]]]}},{"type":"Feature","id":"way/557684650","properties":{"kind":"building","osm_timestamp":"2018-02-01T15:30:18Z","building":"house"},"geometry":{"type":"Polygon","coordinates":[[[-93.6633684,45.2084273],[-93.6631842,45.2084265],[-93.663185,45.208326],[-93.6632578,45.2083263],[-93.6632582,45.2082871],[-93.6633696,45.2082875],[-93.6633684,45.2084273]]]}},{"type":"Feature","id":"way/557684651","properties":{"kind":"building","osm_timestamp":"2018-02-01T15:30:18Z","building":"house"},"geometry":{"type":"Polygon","coordinates":[[[-93.6635356,45.2082599],[-93.6636953,45.2082577],[-93.663692,45.2081369],[-93.6635493,45.2081388],[-93.6635469,45.2080501],[-93.6633349,45.2080529],[-93.6633384,45.2081829],[-93.6635334,45.2081802],[-93.6635356,45.2082599]]]}},{"type":"Feature","id":"way/557684652","properties":{"kind":"land","osm_timestamp":"2018-02-01T15:30:18Z","leisure":"swimming_pool"},"geometry":{"type":"Polygon","coordinates":[[[-93.6636847,45.2079382],[-93.6636812,45.2080455],[-93.663603,45.2080442],[-93.6636065,45.2079369],[-93.6636847,45.2079382]]]}},{"type":"Feature","id":"way/557684653","properties":{"kind":"building","osm_timestamp":"2018-02-01T15:30:18Z","building":"garage"},"geometry":{"type":"Polygon","coordinates":[[[-93.6637011,45.2078164],[-93.6636998,45.2078875],[-93.6635737,45.2078864],[-93.663575,45.2078152],[-93.6637011,45.2078164]]]}},{"type":"Feature","id":"way/557684654","properties":{"kind":"building","osm_timestamp":"2018-02-01T15:30:18Z","building":"house"},"geometry":{"type":"Polygon","coordinates":[[[-93.6633698,45.2078813],[-93.6632355,45.2078804],[-93.6632369,45.2077725],[-93.6631258,45.2077717],[-93.6631267,45.2077001],[-93.6633723,45.2077017],[-93.6633698,45.2078813]]]}},{"type":"Feature","id":"way/557684655","properties":{"kind":"building","osm_timestamp":"2018-02-01T15:30:18Z","building":"house"},"geometry":{"type":"Polygon","coordinates":[[[-93.6634186,45.2075726],[-93.6631951,45.2075707],[-93.6631965,45.2074877],[-93.66342,45.2074895],[-93.6634186,45.2075726]]]}},{"type":"Feature","id":"way/557684656","properties":{"kind":"building","osm_timestamp":"2018-02-01T15:30:18Z","building":"garage"},"geometry":{"type":"Polygon","coordinates":[[[-93.6635799,45.2075135],[-93.6635792,45.2076002],[-93.6634759,45.2075999],[-93.6634766,45.2075131],[-93.6635799,45.2075135]]]}},{"type":"Feature","id":"way/557684657","properties":{"kind":"building","osm_timestamp":"2018-02-01T15:30:18Z","building":"house"},"geometry":{"type":"Polygon","coordinates":[[[-93.664014,45.2076163],[-93.6637266,45.2076166],[-93.6637264,45.2075494],[-93.6640139,45.2075491],[-93.664014,45.2076163]]]}},{"type":"Feature","id":"way/557684658","properties":{"kind":"building","osm_timestamp":"2018-02-01T15:30:18Z","building":"house"},"geometry":{"type":"Polygon","coordinates":[[[-93.6644213,45.2074715],[-93.6644253,45.2075973],[-93.6645857,45.2075947],[-93.6645817,45.207469],[-93.6644213,45.2074715]]]}},{"type":"Feature","id":"way/557684659","properties":{"kind":"building","osm_timestamp":"2018-02-01T15:30:18Z","building":"garage"},"geometry":{"type":"Polygon","coordinates":[[[-93.6643555,45.2075979],[-93.6643541,45.207683],[-93.6642314,45.2076819],[-93.6642329,45.2075969],[-93.6643555,45.2075979]]]}},{"type":"Feature","id":"way/557684660","properties":{"kind":"building","osm_timestamp":"2018-02-01T15:30:18Z","building":"garage"},"geometry":{"type":"Polygon","coordinates":[[[-93.6643331,45.2077206],[-93.6643326,45.2077592],[-93.6641793,45.2077583],[-93.6641801,45.2076921],[-93.6642526,45.2076925],[-93.6642523,45.2077201],[-93.6643331,45.2077206]]]}},{"type":"Feature","id":"way/557684661","properties":{"kind":"building","osm_timestamp":"2018-02-01T15:30:18Z","building":"house"},"geometry":{"type":"Polygon","coordinates":[[[-93.6645205,45.2078099],[-93.6645236,45.2078904],[-93.6643235,45.2078944],[-93.6643203,45.2078138],[-93.6645205,45.2078099]]]}},{"type":"Feature","id":"way/557684666","properties":{"kind":"building","osm_timestamp":"2018-02-01T15:30:19Z","building":"house"},"geometry":{"type":"Polygon","coordinates":[[[-93.6651153,45.2085484],[-93.6651116,45.2086495],[-93.6649784,45.2086471],[-93.6649821,45.208546],[-93.6651153,45.2085484]]]}},{"type":"Feature","id":"way/557684667","properties":{"kind":"building","osm_timestamp":"2018-02-01T15:30:19Z","building":"house"},"geometry":{"type":"Polygon","coordinates":[[[-93.6650754,45.2082039],[-93.6650754,45.2082406],[-93.6651174,45.2082406],[-93.6651173,45.2082875],[-93.6650566,45.2082875],[-93.6650565,45.2083543],[-93.6649191,45.2083542],[-93.6649193,45.2082038],[-93.6650754,45.2082039]]]}},{"type":"Feature","id":"way/557684668","properties":{"kind":"building","osm_timestamp":"2018-02-01T15:30:19Z","building":"house"},"geometry":{"type":"Polygon","coordinates":[[[-93.6652126,45.2080847],[-93.6651144,45.2080838],[-93.6651132,45.2081471],[-93.6650226,45.2081462],[-93.6650253,45.2080062],[-93.6652141,45.2080081],[-93.6652126,45.2080847]]]}},{"type":"Feature","id":"way/557684669","properties":{"kind":"building","osm_timestamp":"2018-02-01T15:30:19Z","building":"garage"},"geometry":{"type":"Polygon","coordinates":[[[-93.6651412,45.2077797],[-93.6651374,45.2078813],[-93.6649892,45.2078786],[-93.6649929,45.207777],[-93.6651412,45.2077797]]]}},{"type":"Feature","id":"way/557684670","properties":{"kind":"building","osm_timestamp":"2018-02-01T15:30:19Z","building":"house"},"geometry":{"type":"Polygon","coordinates":[[[-93.6651355,45.2075981],[-93.6651326,45.2077043],[-93.6649459,45.2077019],[-93.6649488,45.2075956],[-93.6651355,45.2075981]]]}},{"type":"Feature","id":"way/557684671","properties":{"kind":"building","osm_timestamp":"2018-02-01T15:30:19Z","building":"garage"},"geometry":{"type":"Polygon","coordinates":[[[-93.665354,45.2074825],[-93.6653525,45.2075812],[-93.665227,45.2075803],[-93.6652285,45.2074816],[-93.665354,45.2074825]]]}},{"type":"Feature","id":"way/557684672","properties":{"kind":"building","osm_timestamp":"2018-02-01T15:30:19Z","building":"house"},"geometry":{"type":"Polygon","coordinates":[[[-93.6655994,45.2076963],[-93.6655979,45.2077911],[-93.665441,45.2077898],[-93.6654415,45.2077581],[-93.6653331,45.2077572],[-93.6653342,45.2076942],[-93.6655994,45.2076963]]]}},{"type":"Feature","id":"way/557684673","properties":{"kind":"building","osm_timestamp":"2018-02-01T15:30:19Z","building":"house"},"geometry":{"type":"Polygon","coordinates":[[[-93.6651209,45.2074138],[-93.6649634,45.2074115],[-93.6649672,45.2072808],[-93.6650606,45.2072822],[-93.6650587,45.2073468],[-93.6651228,45.2073477],[-93.6651209,45.2074138]]]}},{"type":"Feature","id":"way/557684674","properties":{"kind":"building","osm_timestamp":"2018-02-01T15:30:19Z","building":"garage"},"geometry":{"type":"Polygon","coordinates":[[[-93.6653146,45.2072882],[-93.6653143,45.2073536],[-93.6652256,45.2073534],[-93.6652259,45.207288],[-93.6653146,45.2072882]]]}},{"type":"Feature","id":"way/557684682","properties":{"kind":"building","osm_timestamp":"2018-02-01T15:30:20Z","building":"shed"},"geometry":{"type":"Polygon","coordinates":[[[-93.663084,45.207086],[-93.6630895,45.2072258],[-93.6629925,45.2072277],[-93.662987,45.2070879],[-93.663084,45.207086]]]}},{"type":"Feature","id":"way/557684683","properties":{"kind":"building","osm_timestamp":"2018-02-01T15:30:20Z","building":"house"},"geometry":{"type":"Polygon","coordinates":[[[-93.6636264,45.2071663],[-93.6635029,45.2071769],[-93.6634972,45.2071437],[-93.663349,45.2071564],[-93.6633332,45.2070652],[-93.6636048,45.2070419],[-93.6636264,45.2071663]]]}},{"type":"Feature","id":"way/557684684","properties":{"kind":"building","osm_timestamp":"2018-02-01T15:30:20Z","building":"house"},"geometry":{"type":"Polygon","coordinates":[[[-93.6640739,45.2071593],[-93.6640737,45.2072366],[-93.6639447,45.2072364],[-93.663945,45.2071591],[-93.6640739,45.2071593]]]}},{"type":"Feature","id":"way/557684685","properties":{"kind":"building","osm_timestamp":"2018-02-01T15:30:20Z","building":"garage"},"geometry":{"type":"Polygon","coordinates":[[[-93.6639069,45.207138],[-93.6639069,45.2071981],[-93.6637843,45.2071981],[-93.6637843,45.207138],[-93.6639069,45.207138]]]}},{"type":"Feature","id":"way/557684686","properties":{"kind":"building","osm_timestamp":"2018-02-01T15:30:20Z","building":"house"},"geometry":{"type":"Polygon","coordinates":[[[-93.6645189,45.2071584],[-93.6645205,45.2072586],[-93.6643871,45.2072596],[-93.6643861,45.2071935],[-93.6644531,45.2071929],[-93.6644525,45.2071589],[-93.6645189,45.2071584]]]}},{"type":"Feature","id":"way/557684687","properties":{"kind":"building","osm_timestamp":"2018-02-01T15:30:20Z","building":"house"},"geometry":{"type":"Polygon","coordinates":[[[-93.6645069,45.2069143],[-93.6645076,45.2070216],[-93.6643727,45.207022],[-93.6643721,45.2069147],[-93.6645069,45.2069143]]]}},{"type":"Feature","id":"way/557684690","properties":{"kind":"land","osm_timestamp":"2018-02-01T15:30:20Z","landuse":"residential"},"geometry":{"type":"Polygon","coordinates":[[[-93.6646678,45.2063785],[-93.6646886,45.207287],[-93.6646147,45.2073239],[-93.6644082,45.2073174],[-93.663108,45.2073022],[-93.6629817,45.2073477],[-93.6629047,45.2074433],[-93.6615583,45.2074454],[-93.6614135,45.2074693],[-93.6613888,45.2075561],[-93.6613765,45.2085069],[-93.6613703,45.2085959],[-93.6613149,45.2087001],[-93.6612687,45.2087652],[-93.6612132,45.2087913],[-93.6610561,45.2087348],[-93.660976,45.2087044],[-93.6608779,45.2088406],[-93.6608325,45.2086678],[-93.6607598,45.2081941],[-93.66056,45.2078229],[-93.6606599,45.2075669],[-93.6607945,45.2072678],[-93.6616762,45.2071529],[-93.6627982,45.2071587],[-93.6627982,45.2068207],[-93.6632292,45.2067691],[-93.6638634,45.2067863],[-93.6638409,45.2063895],[-93.6646678,45.2063785]]]}},{"type":"Feature","id":"way/557684691","properties":{"kind":"land","osm_timestamp":"2018-02-01T15:30:20Z","landuse":"residential"},"geometry":{"type":"Polygon","coordinates":[[[-93.6649316,45.2055516],[-93.6648858,45.205826],[-93.6648519,45.2073369],[-93.6648365,45.2085699],[-93.6649105,45.2086458],[-93.6649875,45.2087066],[-93.6650861,45.2087516],[-93.6652723,45.2087678],[-93.6653125,45.2084171],[-93.6658753,45.2084027],[-93.6656394,45.2079355],[-93.6655757,45.2074767],[-93.6655757,45.2068334],[-93.6656182,45.2060953],[-93.6652855,45.2055667],[-93.6649316,45.2055516]]]}},{"type":"Feature","id":"way/557684692","properties":{"kind":"land","osm_timestamp":"2018-02-01T15:30:20Z","landuse":"residential"},"geometry":{"type":"Polygon","coordinates":[[[-93.6646855,45.2074389],[-93.6646855,45.2086762],[-93.6646116,45.2087609],[-93.6644914,45.2087826],[-93.6630834,45.2087717],[-93.6630279,45.2087544],[-93.6630094,45.2086827],[-93.6630125,45.2075214],[-93.6630341,45.2074519],[-93.6630649,45.207415],[-93.6631204,45.2073912],[-93.6645561,45.2073977],[-93.6646239,45.207402],[-93.6646855,45.2074389]]]}},{"type":"Feature","id":"way/558019039","properties":{"kind":"road","osm_timestamp":"2023-05-25T20:58:11Z","highway":"footway","width":"1","surface":"asphalt"},"geometry":{"type":"LineString","coordinates":[[-93.6645932,45.2113085],[-93.6646938,45.2113118],[-93.6648094,45.2113155]]}},{"type":"Feature","id":"way/558019040","properties":{"kind":"road","osm_timestamp":"2023-05-25T20:58:11Z","highway":"footway","width":"1","surface":"asphalt"},"geometry":{"type":"LineString","coordinates":[[-93.6630081,45.2113155],[-93.6631219,45.211332],[-93.6635862,45.2113344],[-93.6639131,45.2113361],[-93.6644846,45.2113391],[-93.6645349,45.2113179],[-93.6645932,45.2113085]]}},{"type":"Feature","id":"way/558019044","properties":{"kind":"building","osm_timestamp":"2018-02-02T16:31:03Z","building":"shed"},"geometry":{"type":"Polygon","coordinates":[[[-93.6660639,45.2114518],[-93.6660606,45.2115176],[-93.665893,45.2115134],[-93.6658962,45.2114476],[-93.6660639,45.2114518]]]}},{"type":"Feature","id":"way/558019045","properties":{"kind":"building","osm_timestamp":"2018-02-02T16:31:03Z","building":"roof"},"geometry":{"type":"Polygon","coordinates":[[[-93.6663335,45.2113406],[-93.666335,45.2113885],[-93.6662679,45.2113896],[-93.6662664,45.2113416],[-93.6663335,45.2113406]]]}},{"type":"Feature","id":"way/558019046","properties":{"kind":"building","osm_timestamp":"2018-02-02T16:31:03Z","building":"roof"},"geometry":{"type":"Polygon","coordinates":[[[-93.6664594,45.211197],[-93.6663946,45.2112395],[-93.6663217,45.2111842],[-93.6663866,45.2111418],[-93.6664594,45.211197]]]}},{"type":"Feature","id":"way/602961639","properties":{"kind":"road","osm_timestamp":"2018-06-28T11:00:21Z","highway":"service","surface":"asphalt","service":"parking_aisle"},"geometry":{"type":"LineString","coordinates":[[-93.6638649,45.209598],[-93.6636964,45.209596],[-93.6629759,45.2095937]]}},{"type":"Feature","id":"way/632486551","properties":{"kind":"road","osm_timestamp":"2019-09-26T23:29:16Z","name":"Main Street North","highway":"secondary"},"geometry":{"type":"LineString","coordinates":[[-93.6646904,45.2123998],[-93.6646526,45.212637],[-93.6646485,45.2128552],[-93.6646485,45.2133361],[-93.6646404,45.2137015],[-93.6646392,45.2137546],[-93.6646376,45.2138269],[-93.6646363,45.2138846],[-93.6646338,45.2139965],[-93.664619,45.2145284],[-93.6646163,45.2151557],[-93.6646416,45.2154429]]}},{"type":"Feature","id":"way/632486563","properties":{"kind":"road","osm_timestamp":"2019-09-26T23:29:16Z","name":"Main Street North","highway":"secondary"},"geometry":{"type":"LineString","coordinates":[[-93.6646416,45.2154429],[-93.6647639,45.2151387],[-93.66478,45.2145671],[-93.6647947,45.2140891],[-93.6648008,45.2138899],[-93.6648039,45.2137877],[-93.6648062,45.2137139],[-93.6648108,45.2135619],[-93.6648162,45.2132426],[-93.6648041,45.2130905],[-93.664792,45.2128703],[-93.66478,45.2126323],[-93.6646904,45.2123998]]}},{"type":"Feature","id":"way/755216835","properties":{"kind":"road","osm_timestamp":"2022-12-13T10:34:35Z","highway":"service","surface":"asphalt"},"geometry":{"type":"LineString","coordinates":[[-93.6614676,45.2100864],[-93.6614738,45.2101408]]}},{"type":"Feature","id":"way/755216836","properties":{"kind":"road","osm_timestamp":"2019-12-13T14:30:24Z","highway":"footway","width":"1","surface":"concrete"},"geometry":{"type":"LineString","coordinates":[[-93.6614676,45.2100864],[-93.6628373,45.2100855],[-93.662896,45.2100808],[-93.6630041,45.2100663],[-93.6630562,45.2100763],[-93.6631183,45.2100805],[-93.6639063,45.210062],[-93.6645647,45.2100513]]}},{"type":"Feature","id":"way/755216837","properties":{"kind":"road","osm_timestamp":"2019-12-13T14:23:49Z","name":"Central Avenue East","highway":"secondary","surface":"asphalt"},"geometry":{"type":"LineString","coordinates":[[-93.6645572,45.2101589],[-93.6648063,45.2101655]]}},{"type":"Feature","id":"way/755216838","properties":{"kind":"road","osm_timestamp":"2026-05-11T14:12:13Z","highway":"footway","width":"1","surface":"asphalt"},"geometry":{"type":"LineString","coordinates":[[-93.6645572,45.2101589],[-93.6645647,45.2100513]]}},{"type":"Feature","id":"way/755218266","properties":{"kind":"road","osm_timestamp":"2026-05-11T14:12:13Z","highway":"footway","width":"1","surface":"asphalt"},"geometry":{"type":"LineString","coordinates":[[-93.6645647,45.2100513],[-93.6648191,45.2100484],[-93.6650064,45.210028]]}},{"type":"Feature","id":"way/755218832","properties":{"kind":"road","osm_timestamp":"2023-05-16T18:36:00Z","highway":"footway","width":"1","surface":"concrete"},"geometry":{"type":"LineString","coordinates":[[-93.6650064,45.210028],[-93.6651295,45.2100649],[-93.6652957,45.2100668],[-93.6658975,45.210079],[-93.6659772,45.2100743],[-93.6661186,45.2100785],[-93.667106,45.2100659],[-93.6675163,45.2100606],[-93.6676398,45.2100582],[-93.6677365,45.2100719]]}},{"type":"Feature","id":"way/774951592","properties":{"kind":"road","osm_timestamp":"2020-02-20T10:23:51Z","highway":"service"},"geometry":{"type":"LineString","coordinates":[[-93.6674888,45.208195],[-93.6674275,45.2081054],[-93.6672768,45.207892],[-93.6671441,45.207773],[-93.6670328,45.2076974],[-93.6668785,45.2078287],[-93.6666638,45.2079032],[-93.6664534,45.2079761],[-93.6662013,45.20767],[-93.6664011,45.2076029],[-93.6666638,45.2079032]]}},{"type":"Feature","id":"way/779451031","properties":{"kind":"road","osm_timestamp":"2022-06-01T14:16:15Z","highway":"residential"},"geometry":{"type":"LineString","coordinates":[[-93.6592395,45.2059126],[-93.6591381,45.2062545],[-93.6591342,45.2063046],[-93.6590643,45.2072175],[-93.6589727,45.2084138]]}},{"type":"Feature","id":"way/862930173","properties":{"kind":"road","osm_timestamp":"2020-10-23T06:26:34Z","highway":"service"},"geometry":{"type":"LineString","coordinates":[[-93.6647689,45.206926],[-93.6648984,45.206929],[-93.6652451,45.2069308],[-93.6653163,45.2069191],[-93.6653641,45.2068972],[-93.6654063,45.2068549]]}},{"type":"Feature","id":"way/862962321","properties":{"kind":"road","osm_timestamp":"2020-10-23T09:05:38Z","highway":"service"},"geometry":{"type":"LineString","coordinates":[[-93.6637815,45.2125127],[-93.6639564,45.2125001],[-93.6643541,45.2125007]]}},{"type":"Feature","id":"way/863034479","properties":{"kind":"road","osm_timestamp":"2020-10-23T14:14:17Z","highway":"service"},"geometry":{"type":"LineString","coordinates":[[-93.6671089,45.2101509],[-93.667106,45.2100659],[-93.6670937,45.209975],[-93.6670371,45.2098554],[-93.666895,45.2097835]]}},{"type":"Feature","id":"way/925069641","properties":{"kind":"road","osm_timestamp":"2021-04-02T08:04:23Z","highway":"service"},"geometry":{"type":"LineString","coordinates":[[-93.6670607,45.2089944],[-93.6670579,45.2091397],[-93.6670509,45.2092886],[-93.6670269,45.2093759],[-93.6669311,45.2094057],[-93.6667817,45.2094057],[-93.6667157,45.2094023],[-93.6664419,45.2093883],[-93.6663872,45.2093779],[-93.6663616,45.2093381],[-93.6663577,45.2092464],[-93.6663573,45.209151],[-93.666357,45.2090646],[-93.6663655,45.2089975]]}},{"type":"Feature","id":"way/925069642","properties":{"kind":"road","osm_timestamp":"2021-04-02T08:04:23Z","highway":"service"},"geometry":{"type":"LineString","coordinates":[[-93.6667101,45.208996],[-93.6667157,45.2094023]]}},{"type":"Feature","id":"way/925069643","properties":{"kind":"road","osm_timestamp":"2023-06-23T21:58:13Z","highway":"service","surface":"asphalt","service":"parking_aisle"},"geometry":{"type":"LineString","coordinates":[[-93.6654763,45.2092899],[-93.6654538,45.2091195],[-93.6654657,45.2090635],[-93.6656366,45.2090243],[-93.6658571,45.2089935],[-93.6659326,45.2090285],[-93.6659185,45.2093183]]}},{"type":"Feature","id":"way/1059828486","properties":{"kind":"road","osm_timestamp":"2022-05-13T10:18:38Z","highway":"service"},"geometry":{"type":"LineString","coordinates":[[-93.6691014,45.2101949],[-93.66909,45.2099166]]}},{"type":"Feature","id":"way/1059828487","properties":{"kind":"road","osm_timestamp":"2022-05-13T10:18:38Z","highway":"service","surface":"asphalt","service":"parking_aisle"},"geometry":{"type":"LineString","coordinates":[[-93.6673083,45.2101499],[-93.6673064,45.2102538],[-93.6672905,45.2104193]]}},{"type":"Feature","id":"way/1065888321","properties":{"kind":"road","osm_timestamp":"2026-05-11T14:12:13Z","name":"2nd Street Southeast","highway":"residential"},"geometry":{"type":"LineString","coordinates":[[-93.6590643,45.2072175],[-93.6591801,45.2072219],[-93.6592409,45.2072242],[-93.6595163,45.2072407],[-93.6597499,45.2072111],[-93.6601048,45.2071156],[-93.6603897,45.2069708],[-93.6605438,45.2068755],[-93.6608193,45.2068196],[-93.6610388,45.2067405],[-93.6611835,45.2066583],[-93.661291,45.2065168],[-93.6613237,45.2063687],[-93.661291,45.2062602],[-93.6612116,45.2061022],[-93.6610435,45.2059477],[-93.6608941,45.2057996],[-93.6607586,45.2056515],[-93.6605718,45.2055561],[-93.660343,45.2054475],[-93.659992,45.2053235]]}},{"type":"Feature","id":"way/1106518955","properties":{"kind":"road","osm_timestamp":"2022-10-24T07:55:57Z","highway":"service"},"geometry":{"type":"LineString","coordinates":[[-93.6601646,45.208811],[-93.6601699,45.2089989],[-93.6601924,45.209525],[-93.660196,45.2095583],[-93.6602783,45.2096159],[-93.6603634,45.2096435],[-93.6604391,45.2096427],[-93.6605673,45.2095732]]}},{"type":"Feature","id":"way/1106518956","properties":{"kind":"road","osm_timestamp":"2022-10-24T07:55:57Z","highway":"service"},"geometry":{"type":"LineString","coordinates":[[-93.6601924,45.209525],[-93.6605429,45.209219],[-93.6601699,45.2089989]]}},{"type":"Feature","id":"way/1173783056","properties":{"kind":"road","osm_timestamp":"2023-05-17T20:45:02Z","highway":"footway"},"geometry":{"type":"LineString","coordinates":[[-93.6591803,45.2071674],[-93.6592036,45.2067298],[-93.6592258,45.2064427],[-93.6592527,45.2062453],[-93.6593297,45.2059298]]}},{"type":"Feature","id":"way/1173783057","properties":{"kind":"road","osm_timestamp":"2023-05-17T20:45:02Z","highway":"footway"},"geometry":{"type":"LineString","coordinates":[[-93.6590853,45.2088751],[-93.6593872,45.208882],[-93.6598852,45.2088133],[-93.6603914,45.2086801],[-93.6605113,45.2086543],[-93.6608691,45.20864],[-93.6610204,45.2086865]]}},{"type":"Feature","id":"way/1316037040","properties":{"kind":"road","osm_timestamp":"2024-09-16T23:06:13Z","highway":"service"},"geometry":{"type":"LineString","coordinates":[[-93.6636456,45.2088177],[-93.6636405,45.2087128],[-93.6636537,45.2083167],[-93.6638428,45.2083172],[-93.6641092,45.2083194],[-93.6641092,45.208149],[-93.6641092,45.2080223],[-93.6638478,45.2080211],[-93.6638428,45.2083172]]}},{"type":"Feature","id":"way/1316037041","properties":{"kind":"road","osm_timestamp":"2024-09-16T23:06:13Z","highway":"service"},"geometry":{"type":"LineString","coordinates":[[-93.6641092,45.208149],[-93.6644487,45.208149],[-93.664451,45.2080234],[-93.6641092,45.2080223]]}},{"type":"Feature","id":"way/1512104413","properties":{"kind":"road","osm_timestamp":"2026-05-11T14:12:13Z","highway":"cycleway","width":"1","surface":"concrete"},"geometry":{"type":"LineString","coordinates":[[-93.6645647,45.2100513],[-93.6645678,45.2096529],[-93.6645732,45.2092089],[-93.6645828,45.2089138]]}},{"type":"Feature","id":"way/1512104414","properties":{"kind":"road","osm_timestamp":"2026-06-27T22:32:00Z","highway":"cycleway","surface":"concrete"},"geometry":{"type":"LineString","coordinates":[[-93.6648135,45.2089224],[-93.6645828,45.2089138]]}},{"type":"Feature","id":"way/1512104415","properties":{"kind":"road","osm_timestamp":"2026-06-27T22:32:02Z","highway":"cycleway","surface":"concrete"},"geometry":{"type":"LineString","coordinates":[[-93.664968,45.2089227],[-93.6648135,45.2089224]]}},{"type":"Feature","id":"way/1512104416","properties":{"kind":"road","osm_timestamp":"2026-05-11T14:12:13Z","highway":"cycleway","surface":"concrete"},"geometry":{"type":"LineString","coordinates":[[-93.664968,45.2089227],[-93.6649756,45.2088368],[-93.6649896,45.2087333]]}},{"type":"Feature","id":"way/1524320140","properties":{"kind":"road","osm_timestamp":"2026-05-29T11:04:05Z","highway":"service"},"geometry":{"type":"LineString","coordinates":[[-93.6620629,45.2097619],[-93.6620582,45.2096546],[-93.6620162,45.2095829],[-93.6619592,45.2094799],[-93.6617217,45.2092756]]}},{"type":"Feature","id":"way/1524320141","properties":{"kind":"road","osm_timestamp":"2026-05-29T11:04:05Z","highway":"service","surface":"asphalt"},"geometry":{"type":"LineString","coordinates":[[-93.6629893,45.2097453],[-93.6636873,45.2097542],[-93.6636964,45.209596]]}},{"type":"Feature","id":"way/1524320142","properties":{"kind":"road","osm_timestamp":"2026-05-29T11:04:05Z","highway":"service"},"geometry":{"type":"LineString","coordinates":[[-93.6620162,45.2095829],[-93.6614606,45.2095943]]}},{"type":"Feature","id":"way/1524320143","properties":{"kind":"road","osm_timestamp":"2026-05-29T11:04:05Z","highway":"service","surface":"asphalt"},"geometry":{"type":"LineString","coordinates":[[-93.6616647,45.2097572],[-93.661459,45.2097548]]}},{"type":"Feature","id":"way/1524320144","properties":{"kind":"road","osm_timestamp":"2026-05-29T11:04:05Z","highway":"service","surface":"asphalt","service":"drive-through"},"geometry":{"type":"LineString","coordinates":[[-93.6618271,45.2097591],[-93.6617161,45.2097578]]}},{"type":"Feature","id":"way/1524320145","properties":{"kind":"road","osm_timestamp":"2026-05-29T11:04:05Z","highway":"service"},"geometry":{"type":"LineString","coordinates":[[-93.6618982,45.2097599],[-93.6618443,45.209706],[-93.6617049,45.2097055],[-93.6616647,45.2097572]]}},{"type":"Feature","id":"way/1524320146","properties":{"kind":"road","osm_timestamp":"2026-05-29T11:04:05Z","highway":"service","surface":"asphalt","service":"drive-through"},"geometry":{"type":"LineString","coordinates":[[-93.6618982,45.2097599],[-93.6618271,45.2097591]]}},{"type":"Feature","id":"way/1524320147","properties":{"kind":"road","osm_timestamp":"2026-05-29T11:04:05Z","highway":"service","surface":"asphalt","service":"drive-through"},"geometry":{"type":"LineString","coordinates":[[-93.6617161,45.2097578],[-93.6616647,45.2097572]]}},{"type":"Feature","id":"way/1524320148","properties":{"kind":"road","osm_timestamp":"2026-05-29T11:04:05Z","highway":"service"},"geometry":{"type":"LineString","coordinates":[[-93.6620731,45.2099937],[-93.6620629,45.2097619]]}},{"type":"Feature","id":"way/1524320149","properties":{"kind":"road","osm_timestamp":"2026-05-29T11:04:05Z","highway":"service","surface":"asphalt"},"geometry":{"type":"LineString","coordinates":[[-93.6620629,45.2097619],[-93.6618982,45.2097599]]}}]}